AFINN-posScore,AFINN-negScore,S140-posScore,S140-negScore,NRC-Hash-Sent-posScore,NRC-Hash-Sent-negScore,NRC-10-anger,NRC-10-anticipation,NRC-10-disgust,NRC-10-fear,NRC-10-joy,NRC-10-sadness,NRC-10-surprise,NRC-10-trust,NRC-10-negative,NRC-10-positive,Emoticons-posScore,Emoticons-negScore,Negation-negationCount,score
2,0,2.123,-2.569,1.873,-1.407,0,0,0,0,0,0,0,1,0,1,0,0,0,0.771
0,0,0.156,-0.372,0.569,-0.665,0,0,0,0,1,0,0,0,0,1,0,0,0,0.522
2,-1,0.536,-2.904,0.432,-1.382,0,0,0,0,0,0,0,0,1,0,0,0,1,0.375
0,0,0.183,-0.72,0.831,-1.145,0,0,0,0,0,0,0,0,0,0,0,0,0,0.205
3,0,2.768,-3.997,6.472,-4.445,0,1,0,0,0,0,0,0,0,0,0,0,0,0.5
2,0,1.131,-0.92,0.157,-1.107,0,0,0,0,0,1,0,0,1,1,0,0,0,0.75
3,0,1.977,-0.399,2.817,-2.832,0,1,0,0,1,0,1,0,0,2,0,0,0,0.708
0,0,2.033,-1.263,2.354,-1.952,0,1,0,1,0,1,0,0,1,0,0,0,0,0.667
5,0,1.678,-2.132,2.797,-4.235,0,1,0,0,1,0,1,0,0,1,0,0,0,0.896
0,-1,1.013,-2.749,0.141,-3.265,0,0,0,0,0,0,0,0,0,0,0,0,2,0.271
8,0,5.297,-6,3.351,-2.496,0,2,0,0,2,0,2,2,0,3,0,0,0,0.652
3,0,2.749,-1.56,1.051,-0.588,0,1,0,0,1,0,1,0,0,1,0,0,0,0.37
0,-1,1.231,-2.766,3.356,-2.012,0,0,0,0,0,0,0,0,0,0,0,0,1,0.295
0,0,2.657,-1.418,2.791,-0.214,1,1,0,1,1,1,1,1,1,1,0,0,0,0.292
3,0,2.811,-2.076,7.64,-1.249,0,1,0,0,1,0,1,0,0,1,0,0,0,0.708
3,0,3.57,-1.048,2.399,-2.131,0,0,0,0,1,0,0,0,0,1,0,0,0,0.854
0,0,0.079,-0.433,0.141,-0.596,0,0,0,0,0,0,0,0,0,0,0,0,0,0.5
0,0,1.865,-2.406,2.123,-9.165,0,0,0,0,0,0,0,0,0,0,0,0,0,0.25
4,0,3.683,-1.801,3.431,-1.79,0,0,0,0,1,1,1,1,1,2,2,0,0,0.458
0,0,0.197,-0.855,0.161,-3.217,0,0,0,0,0,0,0,1,0,1,0,0,0,0.5
0,-1,2.326,-4.967,2.258,-3.54,0,1,0,0,1,0,0,1,0,1,0,0,1,0.667
0,0,0.614,-0.115,1.274,-0.242,0,0,0,0,1,0,0,0,0,1,0,0,0,0.563
2,0,0.29,-1.335,0.255,-2.04,0,1,0,1,0,0,0,0,0,0,0,0,0,0.739
0,-1,0.63,-4.261,2.065,-2.171,0,1,0,0,0,0,0,0,1,0,0,0,1,0.348
0,0,0.633,-5.32,0,-2.12,0,0,0,0,0,0,0,1,0,0,0,0,0,0.333
0,0,1.248,-1.108,1.737,-1.158,0,0,0,0,0,0,0,0,0,0,0,0,0,0.896
0,-1,0,-1.113,0,-1.914,0,0,0,0,0,0,0,0,0,0,0,0,1,0.396
0,0,1.031,-0.274,1.37,-0.452,0,0,0,0,0,0,0,0,0,1,0,0,0,0.261
0,-1,0.514,-2.757,0.853,-2.619,0,0,0,0,0,0,0,0,0,0,0,0,1,0.167
0,-2,0.892,-2.269,1.537,-4.067,0,0,0,0,0,0,0,0,0,0,0,0,0,0.417
0,-4,1.27,-4.52,0.453,-4.367,0,0,0,1,0,1,0,0,1,0,0,0,1,0.104
3,0,1.936,-1.799,0.872,-3.03,0,0,0,0,1,0,0,0,0,3,0,0,0,0.399
0,-2,2.728,-3.061,2.297,-5.028,0,1,1,1,1,1,0,0,2,1,0,0,0,0.604
0,0,0.175,-2.448,0.124,-1.347,0,0,0,0,0,0,0,0,0,0,0,0,0,0.521
0,-4,0.413,-0.866,0.664,-0.852,1,0,1,0,0,0,0,0,1,0,0,0,0,0.333
4,0,1.516,-0.062,1.309,-0.383,0,1,0,0,2,0,0,2,0,2,0,0,0,0.717
0,0,3.303,-0.811,1.501,-0.317,0,0,0,0,1,0,0,0,0,1,3,0,0,0.833
0,0,0.134,-3.296,0.478,-1.031,0,0,0,0,0,0,0,0,0,0,0,0,0,0.413
0,-2,2.81,-2.651,0.665,-4.395,0,0,0,0,0,0,0,0,0,1,0,0,0,0.223
0,0,0.14,-0.859,0.305,-0.921,0,0,0,0,0,0,0,0,0,0,0,0,0,0.826
0,0,2.188,-2.914,8.687,-3.491,0,0,0,1,0,0,0,1,1,0,0,0,0,0.545
3,0,2.007,-3.249,1.837,-2.323,0,2,0,0,2,0,1,2,0,3,0,0,1,0.771
2,0,3.182,-0.438,1.443,-0.978,0,0,0,1,1,0,1,1,0,1,0,0,0,0.304
0,0,0,-0.253,0,-0.017,0,0,0,0,0,0,0,0,0,0,0,0,0,0.37
3,0,7.054,-0.626,4.11,-2.094,0,1,0,0,1,0,1,1,0,2,0,0,0,0.729
0,-1,3.787,-1.921,4.61,-3.15,0,0,0,0,0,0,0,0,0,0,0,0,1,0.5
3,0,9.578,-2.189,4.681,-1.631,0,1,0,0,1,0,0,1,0,1,0,0,0,0.563
4,0,2.868,-1.159,6.148,-1.229,0,0,0,0,0,0,0,0,0,0,0,0,0,0.542
0,-1,2.275,-10.961,1.103,-2.991,0,0,0,0,0,0,0,0,0,1,0,0,1,0.318
0,-1,2.265,-2.007,0.954,-1.345,0,0,0,0,0,0,0,0,0,0,0,0,1,0.292
2,0,4.588,-2.333,0.902,-5.443,0,0,0,0,1,0,0,1,0,1,0,0,0,0.5
4,0,1.637,-2.134,5.61,-2.769,0,0,0,0,0,0,0,1,1,0,0,0,0,0.458
4,0,2.664,-1.866,3.973,-3.195,0,0,0,0,0,0,0,0,0,1,0,0,1,0.521
4,-1,4.05,-1.824,3.505,-5.132,0,1,0,0,0,0,0,0,0,1,0,0,1,0.521
2,0,0.612,-3.876,2.909,-1.5,0,0,0,0,0,0,0,0,0,0,0,0,0,0.792
3,0,2.481,-0.455,0.656,-1.06,0,0,0,0,0,0,0,0,0,0,0,0,0,0.512
2,0,0.515,-0.598,0.951,-1.121,0,1,0,0,1,0,0,1,0,2,0,0,0,0.604
4,0,3.056,-3.832,7.009,-3.414,1,0,0,1,0,0,0,0,1,1,0,0,0,0.646
0,0,0.99,-0.062,1.325,-0.712,0,0,0,0,1,0,0,0,0,1,0,0,0,0.563
0,0,0.949,-0.643,0,-0.671,0,0,0,0,0,0,0,0,0,0,0,0,0,0.438
0,-8,0.916,-8.49,2.026,-3.603,1,0,1,1,0,1,0,0,2,0,0,0,1,0.188
0,0,0.279,-2.38,0.412,-1.429,0,0,0,0,0,1,0,0,0,1,0,0,0,0.188
1,0,1.329,-3.282,2.95,-4.683,0,0,0,0,0,1,0,1,1,1,0,0,0,0.208
0,0,1.222,-3.139,0.271,-1.359,0,0,1,0,0,0,0,0,1,0,0,0,0,0.565
3,-1,1.842,-4.429,0.09,-4.262,0,0,0,0,0,1,0,1,1,1,0,0,0,0.271
0,0,6.047,-2.824,4.823,-8.458,0,0,0,0,0,0,0,0,0,1,0,0,0,0.896
0,-2,0.205,-1.434,0.734,-0.302,0,0,0,0,0,0,0,0,0,0,0,0,0,0.563
0,0,2.626,-0.97,2.819,-2.813,0,0,0,0,0,0,0,0,0,0,0,0,0,0.708
0,0,1.269,-1.257,1.756,-0.944,0,0,0,0,0,0,0,0,0,0,0,0,0,0.479
2,0,4.409,-1.51,5.628,-3.415,0,1,1,0,2,0,2,2,0,2,0,0,0,0.729
3,-3,4.825,-1.185,2.994,-6.023,1,1,0,1,3,0,0,1,1,2,0,0,0,0.729
2,0,1.901,-0.577,1.917,-0.706,0,0,0,0,0,0,0,0,0,0,0,0,0,0.875
0,-2,0.886,-2.736,2.162,-4.969,0,1,0,0,1,0,1,0,0,1,0,0,1,0.326
2,0,1.907,-1.811,2.97,-1.95,0,2,0,1,2,0,1,2,0,2,0,0,0,0.436
0,0,0.049,-0.29,0.989,-0.263,0,1,0,0,1,0,1,1,0,1,0,0,0,0.563
0,0,0.982,-0.703,0,-1.054,0,0,0,0,0,0,0,0,0,0,0,0,0,0.417
5,-1,3.126,-3.146,3.198,-6.107,0,1,0,0,1,1,0,1,1,2,0,0,1,0.354
0,0,1.154,-0.012,1.036,-0.202,0,0,0,0,0,0,0,0,0,0,0,0,0,0.417
0,0,0.971,-0.501,0.478,-1.544,0,0,0,0,0,0,0,0,0,0,0,0,0,0.458
3,0,2.666,-3.271,2.938,-3.224,0,1,0,0,1,1,0,1,1,1,0,0,0,0.913
1,-2,2.191,-1.564,1.046,-2.033,0,0,0,0,1,0,0,0,0,1,0,0,0,0.457
0,0,1.892,-0.555,2.422,-2.74,0,0,0,0,0,0,0,1,0,1,0,0,0,0.542
0,0,0.134,-0.973,1.483,-0.866,0,0,0,0,0,0,0,0,0,0,0,0,0,0.413
0,0,0.726,-4.999,0,-0.569,0,1,0,0,1,0,0,0,0,1,0,0,0,0.646
2,-2,3.521,-4.951,4.389,-6.816,0,2,0,0,2,0,2,1,1,2,0,0,0,0.542
0,-1,0.609,-4.329,0.935,-0.87,0,0,0,0,0,0,0,0,0,0,0,0,1,0.563
2,0,1.539,-0.863,2.561,-1.585,0,1,0,0,0,0,0,0,0,0,0,0,0,0.688
0,-2,1.06,-1.611,0,-2.764,1,0,0,1,0,1,0,0,1,0,0,0,1,0.292
0,0,0,0,0,-0.521,0,0,0,0,0,0,0,0,0,0,0,0,0,0.75
0,0,0.025,0,0,-0.52,0,0,0,0,0,0,0,0,0,0,0,0,0,0.333
2,0,5.972,-0.381,3.432,-1.393,0,0,0,0,3,1,1,1,1,3,0,0,0,0.936
0,0,1.043,-1.826,2.371,-2.064,0,1,0,1,1,0,0,0,0,1,0,0,0,0.604
2,-2,1.64,-4.702,3.641,-5.694,0,1,1,1,0,0,1,0,1,0,0,0,0,0.326
0,0,1.595,-2.471,2.002,-1.111,0,0,0,0,0,0,0,0,0,0,0,0,0,0.479
1,-2,4.381,-1.484,1.494,-2.626,1,0,0,1,0,0,0,0,1,1,0,0,1,0.5
0,-6,4.21,-1.335,6.463,-2.914,0,1,0,1,1,0,1,0,1,1,0,0,0,0.102
1,-1,2.71,-5.652,2.49,-4.571,0,1,0,0,1,1,1,0,1,1,0,0,0,0.396
0,0,0.3,-0.797,0.119,-0.763,0,0,0,0,0,0,0,0,0,0,0,0,0,0.229
0,0,0,-0.268,0,-0.94,0,0,0,0,0,0,0,0,0,0,0,0,0,0.565
0,0,2.796,-0.434,2.992,-2.901,1,0,1,1,0,0,0,1,1,0,0,0,0,0.378
0,0,1.075,-3.497,2.382,-3.53,0,0,0,0,0,0,1,0,0,1,0,-2,0,0.146
3,-1,2.702,-1.303,4.114,-7.462,0,2,0,0,2,1,1,1,0,2,0,0,1,0.478
3,-1,1.214,-4.898,6.09,-4.303,0,1,0,1,1,0,0,0,0,1,0,0,1,0.705
0,-1,1.834,-3.399,0.749,-3.119,0,0,0,0,0,1,0,0,1,0,0,0,0,0.5
0,0,0.586,-0.892,3.069,-0.836,0,0,0,0,0,0,0,0,0,0,0,0,0,0.563
3,0,2.734,-4.077,4.502,-10.157,1,0,0,0,0,0,0,0,1,0,0,0,0,0.283
0,-1,0.409,-4.661,0.664,-1.802,0,0,0,0,0,0,0,0,1,0,0,0,1,0.348
2,0,0.652,-0.547,2.395,0,0,0,0,0,0,0,0,0,0,0,0,0,0,0.813
0,0,0.205,-6.573,2.206,-1.604,0,0,0,0,0,0,0,0,0,0,0,0,0,0.826
0,-1,1.838,-1.449,0.831,-3.406,0,1,0,0,1,0,0,1,0,1,0,0,1,0.45
0,0,2.177,0,1.274,-0.214,0,0,0,0,0,0,0,0,0,0,0,0,0,0.292
2,-4,0.708,-2.312,0,-2.572,0,0,0,0,0,0,0,0,0,0,0,0,1,0.37
0,0,5.911,-0.091,0.956,-0.638,0,0,0,0,0,0,0,0,0,0,0,0,0,0.739
0,0,0.315,-0.906,0.095,-1.052,0,0,0,0,0,0,0,0,0,0,0,0,0,0.729
5,0,1.533,-1.64,2.38,-3.592,0,0,0,0,1,0,0,0,0,1,0,0,0,0.667
3,0,3.81,-0.366,0.917,-0.731,0,1,0,0,1,0,0,0,0,1,0,0,0,0.854
3,0,0.86,-1.921,2.939,-1.663,0,1,0,0,1,0,0,0,0,1,0,0,0,0.609
0,0,0,-0.729,0,-0.469,0,1,0,0,1,1,0,0,1,1,0,0,0,0.938
0,-1,3.141,-2.702,1.23,-2.32,0,0,0,0,0,0,0,0,0,0,0,0,1,0.783
0,0,2.103,-0.832,3.361,-1.277,0,0,0,0,0,0,0,0,0,0,0,0,0,0.333
1,0,0.631,0,1.365,0,0,0,0,0,0,0,0,0,0,0,0,0,0,0.333
3,0,5.957,-1.605,2.406,-3.76,0,1,0,0,1,0,2,0,0,2,0,0,0,0.396
6,-3,2.701,-5.143,3.596,-5.556,1,1,0,1,1,1,1,0,1,1,0,0,1,0.417
0,0,0.98,-0.091,0.271,-0.67,0,1,0,0,1,0,1,0,0,1,0,0,0,0.74
0,-2,1.947,-5.365,3.187,-2.526,0,0,0,0,0,0,0,0,0,0,0,0,0,0.583
0,0,1.407,-0.041,0.049,-0.103,0,0,0,0,0,0,0,0,0,0,0,0,0,0.458
0,0,1.601,-0.3,0.303,-0.665,0,0,0,0,0,0,0,0,0,0,0,0,0,0.326
0,0,4.32,-2.633,4.513,-3.434,0,0,1,1,0,0,0,1,1,0,0,0,0,0.375
0,-1,1.527,-6.6,1.977,-3.242,0,1,0,0,0,0,0,0,0,0,0,0,1,0.375
4,0,2.304,-2.083,3.834,-2.624,0,1,0,1,1,0,1,1,0,2,0,0,0,0.5
0,0,0.466,-0.063,0.542,-1.579,0,0,0,0,0,0,0,0,0,0,0,0,0,0.217
3,-5,0.415,-4.677,0.213,-5.551,1,0,1,1,0,1,0,0,1,0,0,0,0,0.065
0,0,0.366,0,0.654,-1.025,0,0,0,0,0,0,0,0,0,0,0,0,0,0.5
0,0,1.07,-0.78,0,-0.283,1,0,0,0,0,0,0,0,1,0,0,0,0,0.396
0,0,0.401,-1.771,0.383,-1.843,1,1,1,1,0,1,0,0,1,0,0,0,0,0.188
0,0,0.623,-0.548,1.038,-0.948,0,0,0,0,0,0,0,0,0,0,0,0,0,0.833
0,0,1.17,-0.062,1.935,-0.06,0,0,0,0,1,0,0,0,0,1,0,0,0,0.559
7,0,9.76,-0.94,5.305,-3.853,0,1,0,0,4,0,2,2,0,4,0,0,0,0.708
0,-1,2.423,-5.108,1.021,-4.733,0,0,0,0,0,0,0,0,0,0,0,0,1,0.5
0,0,0.926,-2.275,2.731,-1.712,0,0,0,0,0,1,0,0,1,0,0,0,0,0.604
3,0,1.644,-1.401,3.952,-1.647,0,1,0,0,1,0,1,0,0,1,0,0,0,0.25
0,0,1.981,-0.459,3.488,-0.489,0,0,0,0,1,0,0,0,0,1,0,0,0,0.717
0,0,0.563,-1.351,1.047,-1.575,0,0,0,0,0,1,0,0,1,0,0,0,0,0.813
0,0,0.949,-2.261,0.639,-0.649,0,0,0,0,0,0,0,0,0,0,0,0,0,0.25
2,0,4.881,-3.077,2.684,-6.477,1,0,1,0,0,1,0,0,1,1,0,0,0,0.271
0,0,3.151,-3.099,0.299,-5.385,0,0,0,0,0,0,0,0,0,0,0,0,0,0.146
2,0,0.635,-1.623,1.686,-2.962,0,0,0,0,0,2,0,0,2,0,0,0,0,0.739
5,-3,2.671,-5.8,1.289,-4.577,0,0,0,0,0,0,0,1,0,3,0,0,1,0.354
0,-3,1.886,-3.257,5.986,-3.393,0,0,0,0,0,0,0,0,0,2,0,0,1,0.333
3,-2,1.313,-3.932,3.297,-3.08,0,1,0,0,1,0,1,0,0,1,0,0,0,0.229
3,-3,2.679,-4.338,3.087,-7.805,1,2,1,1,2,1,2,2,2,2,0,0,1,0.391
2,0,3.237,-3.386,3.059,-2.894,0,0,0,0,1,0,1,1,0,1,0,0,0,0.792
0,0,1.839,-0.937,1.738,-2.076,0,2,0,0,2,1,1,1,0,2,0,0,0,0.854
0,0,0.815,-0.594,0.271,-1.917,1,0,0,0,0,0,0,0,1,0,0,0,0,0.19
0,-3,1.307,-4.163,1.118,-4.938,0,1,0,0,1,1,0,1,1,1,0,0,1,0.761
2,0,0.663,-0.084,0.227,-0.837,0,0,0,0,0,0,0,0,0,0,0,0,0,0.521
0,-1,1.068,-4.776,0,-4.382,0,0,0,0,0,0,0,0,0,0,0,0,1,0.333
0,0,0.248,-2.289,0.678,-1.79,0,0,0,0,0,0,0,0,0,0,0,0,0,0.375
5,0,5.066,-0.674,2.886,-1.192,0,2,0,0,2,0,1,1,0,2,0,0,0,0.813
0,-1,1.467,-2.391,3.486,-4.327,0,0,0,1,0,0,0,1,0,1,0,0,1,0.298
0,0,0,-0.096,0,0,0,0,0,0,0,0,0,0,0,0,0,0,0,0.5
0,0,1.816,-1.322,2.117,-0.871,0,0,0,0,0,0,0,0,0,0,0,0,0,0.409
0,0,1.063,-1.419,3.332,-3.572,0,0,0,0,0,0,0,0,0,0,0,0,0,0.438
0,-1,1.28,-5.377,0.2,-2.177,0,0,0,0,0,0,0,0,0,0,0,0,1,0.229
2,0,0.205,-0.722,0.917,-2.666,0,0,0,0,1,0,0,1,0,2,0,0,0,0.708
2,0,2.055,-0.166,0.856,-0.58,0,0,0,0,0,0,0,0,0,0,0,0,0,0.146
0,0,2.177,-0.21,1.808,-6.25,0,0,0,0,0,0,0,0,0,0,0,0,0,0.455
2,0,5.619,-0.651,2.107,-1.106,0,0,0,0,1,0,1,2,0,1,0,0,0,0.792
0,0,0,-0.775,0.402,-0.242,0,0,0,0,0,0,0,0,0,0,0,0,0,0.146
3,-1,1.89,-8.73,1.088,-10.781,0,1,0,0,1,1,0,2,1,1,0,-2,0,0.435
0,0,0.831,-0.193,2.099,-0.109,0,0,0,0,0,0,0,1,0,0,0,0,0,0.542
1,-2,2.216,-3.516,1.233,-4.822,0,1,0,0,1,0,1,1,0,2,0,0,2,0.438
5,0,1.556,-2.098,0.564,-2.308,0,0,0,0,0,0,0,1,0,2,0,0,0,0.792
0,0,0.177,-2.409,0.495,-0.73,0,1,0,0,1,0,1,1,0,2,0,0,0,0.591
3,0,1.848,-0.708,1.58,-0.426,0,1,0,0,1,0,0,1,0,1,0,0,0,0.604
0,0,1.198,-0.57,1.941,-0.554,0,0,0,0,0,0,0,0,0,0,0,0,0,0.438
3,0,3.423,-1.895,1.303,-0.951,0,0,0,0,0,0,0,0,0,1,0,0,0,0.667
0,0,1.118,-3.695,3.624,-2.98,0,1,0,0,1,0,0,0,0,1,0,0,0,0.583
0,-1,0.704,-1.171,0.664,-5.896,0,0,0,0,0,0,0,0,0,0,0,0,0,0.783
0,-3,0,-1.828,0,-1.178,0,0,0,0,0,0,0,0,1,0,0,0,0,0.109
0,-5,3.452,-3.78,1.864,-10.897,0,1,0,0,1,0,0,1,0,1,0,0,1,0.563
3,0,1.067,-0.091,0.917,-0.638,0,1,0,0,1,0,0,0,0,1,0,0,0,0.75
2,0,1.935,-0.828,3.415,-1.676,0,0,0,0,0,0,0,0,0,1,0,0,0,0.833
0,-2,0.831,-1.508,1.847,-2.938,1,1,0,1,1,1,0,2,1,1,0,0,0,0.813
3,0,3.549,-0.793,2.487,-1.761,0,1,0,0,1,0,0,0,0,1,0,0,0,0.833
2,-1,1.231,-4.475,2.837,-3.911,0,1,0,0,1,0,1,1,0,2,0,0,2,0.208
4,0,1.67,-2.146,1.931,-1.425,0,0,0,0,0,0,0,0,1,2,0,0,0,0.563
2,0,2.226,-0.632,2.503,-0.539,0,1,0,0,1,0,1,1,0,1,0,0,0,0.542
1,0,0.919,-1.814,2.517,-3.293,0,0,0,0,0,0,0,0,0,0,0,0,0,0.542
0,0,0.943,-0.523,0.084,-1.76,0,0,0,0,0,1,0,0,1,0,0,0,0,0.583
2,0,5.883,-2.563,2.305,-3.351,0,1,0,0,1,2,1,1,2,1,0,0,0,0.875
3,0,0.636,-1.029,0,-2.241,0,0,0,0,0,0,0,0,0,0,0,0,0,0.854
0,-1,1.925,-1.733,1.711,-1.671,0,0,0,0,0,0,0,0,0,0,0,0,1,0.708
0,0,1.421,-0.935,1.021,-3.197,0,0,0,0,0,0,0,0,0,0,0,0,1,0.636
0,0,2.356,0,5.895,-0.477,0,1,0,0,0,0,0,0,0,0,0,0,0,0.958
0,0,1.177,-4.824,5.576,-3.184,0,1,0,0,0,0,0,0,0,0,0,0,0,0.891
4,0,7.395,-3.379,5.015,-4.329,0,0,0,0,1,0,0,1,0,2,0,0,0,0.978
0,-1,0.079,-1.96,0.141,-1.898,0,0,0,0,0,0,0,0,0,0,0,0,1,0.261
5,0,2.071,-6.698,2.184,-4.931,0,0,0,0,0,0,0,1,0,0,0,0,0,0.25
0,0,0.636,-0.531,0.086,-0.437,0,0,0,0,0,0,0,0,0,0,0,0,1,0.563
0,-1,0.636,-0.826,0,-0.628,0,0,0,0,0,0,0,0,0,0,0,0,1,0.604
0,0,1.716,-0.974,1.551,-0.089,0,0,0,1,0,0,0,0,1,0,0,0,0,0.87
0,-1,0.945,-1.436,0.935,-3.926,0,0,0,0,0,0,0,0,0,0,0,0,1,0.163
2,-2,1.717,-6.4,2.253,-9.949,0,0,0,0,0,0,0,0,0,0,0,0,5,0.542
4,-3,2.755,-6.256,3.389,-6.929,0,1,0,0,2,0,0,3,1,3,0,0,1,0.396
0,0,2.761,-0.776,2.371,-2.473,0,0,1,1,0,1,0,0,1,0,0,0,0,0.521
3,0,2.462,0,1.35,-0.141,0,1,0,0,1,0,0,1,0,1,0,0,0,0.682
3,-1,5.025,-3.999,2.204,-4.997,0,2,0,0,2,0,1,1,0,2,0,0,1,0.771
2,-2,0.384,-2.989,1.763,-4.083,0,1,1,1,0,0,1,1,1,1,0,0,0,0.205
2,-2,1.619,-6.726,1.274,-5.581,0,0,0,0,1,0,0,1,0,1,0,0,2,0.167
5,0,2.057,-2.246,0.7,-2.829,0,0,0,0,0,0,0,1,0,2,0,0,0,0.688
0,0,0.014,0,0.558,0,0,0,0,0,0,0,0,0,0,0,0,0,0,0.543
3,-1,0.266,-2.287,0.19,-1.999,0,0,0,0,0,0,0,1,0,1,0,0,1,0.375
0,0,0,-0.476,0.542,0,0,0,0,0,0,0,0,0,0,0,0,0,0,0.477
0,-2,0,-5.258,0,-1.658,0,1,1,0,1,0,0,0,1,1,0,0,0,0.229
0,0,2.128,-0.091,0,-0.638,0,0,0,0,0,0,0,0,0,0,0,0,0,0.729
2,-3,0.2,-3.415,1.18,-4.874,1,0,1,0,0,0,0,0,1,0,0,0,0,0.542
0,0,0.336,-0.204,0,-2.167,0,0,0,0,0,0,0,0,0,0,0,0,0,0.348
0,0,0.409,-0.082,0.664,0,0,0,0,0,0,0,0,0,0,0,0,0,0,0.25
0,0,0.367,-0.792,1.351,-1.216,0,0,0,0,0,0,0,0,0,0,0,0,0,0.375
0,0,0.444,-0.405,1.569,-0.414,0,0,0,0,0,0,0,0,0,0,0,0,0,0.478
0,0,0.182,-0.405,0,-0.414,0,0,0,0,0,0,0,0,0,0,0,0,0,0.304
0,0,0.615,-0.867,0,-1.79,0,0,0,0,0,0,0,0,0,0,0,0,0,0.604
4,-1,3.001,-1.974,1.02,-4.16,0,0,0,0,0,0,0,0,0,1,0,0,1,0.565
3,0,3.255,-3.6,1.381,-6.554,0,0,0,0,1,0,0,0,0,1,0,0,0,0.652
2,0,1.879,-0.35,1.443,-1.229,0,0,0,0,1,0,1,1,0,1,0,0,0,0.652
0,0,2.43,-4.311,3.665,-2.297,0,0,1,0,0,0,0,0,0,0,0,0,0,0.79
0,0,0.672,-1.663,1.045,-2.805,0,0,0,0,0,0,0,0,0,0,0,0,0,0.188
1,0,0.971,-4.409,3.374,-3.487,0,1,0,0,0,1,0,0,1,0,0,0,0,0.313
2,-6,0.978,-2.097,2.037,-4.082,0,0,1,0,1,0,0,0,1,1,0,-2,1,0.13
4,-1,3.475,-4.459,3.183,-6.156,0,1,0,0,1,0,0,1,0,1,0,0,1,0.458
0,0,1.163,-0.882,1.061,-0.649,0,0,0,0,0,0,0,0,0,0,0,0,0,0.408
0,0,1.438,-2.131,3.167,-0.109,0,0,0,0,0,0,0,1,0,0,0,0,0,0.292
0,0,2.639,-3.589,3.473,-2.099,0,0,0,0,0,0,0,0,0,0,0,0,0,0.458
0,0,0.637,-0.501,2.292,-1.989,0,0,0,0,0,0,0,0,0,0,0,0,0,0.625
2,0,0.802,-0.926,0.19,-2.945,0,0,0,0,0,0,0,1,0,0,0,0,0,0.438
1,0,2.928,-1.955,1.549,-2.95,0,0,0,0,1,0,0,0,0,1,0,0,0,0.625
0,-1,1.242,-1.764,0.883,-6.447,0,0,0,1,0,1,0,0,1,0,0,0,1,0.652
0,0,0.351,-0.614,0,-1.068,0,0,0,0,0,0,0,0,0,0,0,0,0,0.688
0,0,0.355,-0.645,0.469,-2.011,0,0,0,0,0,0,0,0,0,0,0,0,0,0.458
0,-1,1.612,-1.4,1.257,-4.242,0,0,0,0,0,0,0,0,0,0,0,0,1,0.458
0,-2,2.75,-3.764,13.15,-3.153,0,0,0,0,0,0,0,0,0,1,0,0,0,0.688
0,0,0.277,-0.091,0,-1.169,0,0,0,0,0,0,0,0,0,0,0,0,0,0.583
3,-1,2.403,-3.116,2.961,-2.524,0,1,0,0,0,0,0,0,0,1,0,0,1,0.521
0,-6,4.942,-2.197,7.875,-4.792,0,0,1,0,1,0,0,0,1,1,0,0,1,0.438
0,0,2.247,-0.41,1.495,0,0,1,0,0,1,0,0,1,0,1,0,0,0,0.75
0,0,5.918,-0.358,1.174,-0.854,0,0,0,0,0,0,0,0,0,0,0,0,0,0.545
0,0,2.222,-0.558,1.571,-1.517,0,0,0,0,0,0,0,0,0,0,0,0,0,0.958
2,0,1.027,-1.586,3.28,-1.547,0,0,0,0,0,0,0,0,0,0,0,0,0,0.667
2,-5,2.07,-12.872,2.024,-6.568,1,2,1,2,1,1,0,1,1,1,0,0,2,0.043
0,-2,0.177,-1.254,0.11,-0.092,0,0,0,0,0,0,0,0,0,0,0,0,0,0.364
3,0,0.185,-0.935,0.415,-1.587,0,0,0,0,0,0,0,0,0,0,0,0,0,0.542
0,0,0.374,-0.062,0.4,-0.115,0,0,0,0,0,0,0,0,0,0,0,0,0,0.417
0,0,1.193,-2.674,1.399,-2.187,0,0,0,0,1,0,0,0,0,1,0,0,0,0.292
4,0,1.59,-0.144,1.937,-5.842,0,1,0,0,2,0,0,2,0,2,0,0,0,0.542
0,-1,4.846,-3.393,6.294,-5.657,0,0,0,0,0,0,0,0,0,0,0,0,1,0.292
0,0,0.749,-0.381,0.35,-1.201,0,0,0,0,0,1,0,0,1,0,0,0,0,0.478
0,-2,0.952,-1.579,0.772,-1.101,0,0,0,0,0,0,0,0,0,0,0,0,0,0.438
0,0,1.059,-0.204,0.619,-0.922,0,0,0,0,0,0,0,0,0,0,0,0,0,0.787
3,0,1.83,-1.809,1.905,-3.146,0,0,0,0,1,0,0,0,1,1,0,0,0,0.542
0,-1,0.739,-2.939,1.311,-2.713,0,0,0,0,0,0,0,0,0,0,0,0,1,0.104
8,-1,4.51,-3.011,11.803,-2.815,0,1,0,0,1,0,0,0,0,2,0,0,1,0.609
3,0,3.441,-3.052,3.067,-3.836,0,0,0,0,1,0,0,0,0,2,0,0,0,0.438
0,0,1.811,-0.385,2.301,-1.415,0,1,0,0,1,0,0,1,0,1,0,0,0,0.396
0,-3,1.76,-3.294,0.766,-4.075,1,0,1,1,0,1,0,0,1,0,0,0,0,0.25
7,0,2.097,-1.749,4.27,-1.677,0,0,0,0,0,0,0,0,0,0,0,0,0,0.614
0,0,0.402,-2.953,2.61,-1.535,0,0,0,0,0,0,0,0,0,0,0,0,0,0.104
3,0,0.279,-0.952,0.602,0,0,0,0,0,0,0,0,0,0,1,0,0,0,0.292
0,0,0.943,-0.495,1.572,-1.704,0,2,0,1,1,0,0,0,0,1,0,0,0,0.604
0,0,1.283,0,0,-0.399,0,0,0,0,0,0,0,0,0,0,0,0,0,0.177
0,-1,1.349,-1.145,1.577,-1.785,0,0,0,0,0,0,0,0,0,0,0,0,1,0.396
3,-1,1.127,-2.233,0.589,-2.847,0,1,0,0,1,0,1,0,0,1,0,0,1,0.313
0,0,0.555,-1.504,0.74,-2.782,0,0,0,0,1,0,0,1,0,1,0,0,0,0.625
0,0,3.268,-4.426,4.346,-3.348,0,0,0,0,0,0,0,0,1,0,0,0,0,0.521
0,-1,0.1,-4.984,1.237,-2.571,1,3,0,1,0,0,0,0,1,0,0,0,1,0.375
0,0,2.085,-2.592,0.542,-8.066,0,0,0,0,0,1,0,0,1,0,0,0,0,0.688
0,0,4.852,-0.306,4.375,-3.119,0,0,0,0,0,0,0,1,0,2,0,0,0,0.717
0,0,4.137,-1.481,2.249,-1.939,0,1,0,0,0,0,0,0,0,0,0,0,0,0.354
3,0,0,-1.157,0,-1.37,0,0,0,0,0,0,0,0,0,0,0,0,0,0.304
0,0,2.41,-0.649,0.893,-0.609,0,0,0,0,0,0,0,0,0,0,0,0,0,0.813
0,-1,0,-3.198,0.227,-2.33,0,1,0,0,1,1,0,1,0,1,0,0,1,0.521
0,0,4.03,-0.999,3.238,-0.921,0,1,0,0,1,0,0,1,0,1,0,0,0,0.833
0,-1,3.536,-2.648,2.951,-12.756,0,1,0,0,1,0,0,0,0,1,0,0,0,0.659
3,0,1.547,-0.596,0.478,-0.959,0,1,0,0,1,0,1,0,0,1,0,0,0,0.646
0,0,0,0,0,0,0,0,0,0,0,0,0,0,0,0,0,0,0,0.333
0,0,1.054,0,0.478,-0.531,0,0,0,0,0,0,0,0,0,0,0,0,0,0.696
0,0,1.898,-1.308,3.198,-3.389,0,0,0,0,0,0,0,0,0,0,0,0,0,0.271
0,-1,0.331,-4.022,0.383,-1.282,0,0,0,0,0,0,0,0,0,0,0,0,1,0.391
3,-1,3.216,-2.331,1.694,-2.406,0,1,0,0,1,0,0,0,0,1,0,0,1,0.391
4,0,2.571,-2.204,1.881,-1.139,0,1,0,0,2,0,0,2,0,2,0,0,0,0.826
0,-3,0.942,-3.374,2.043,-10.048,1,0,1,1,1,2,0,1,1,1,0,0,0,0.417
3,0,1.828,0,1.517,0,0,1,0,0,1,0,0,1,0,1,0,0,0,0.688
4,0,0.406,-2.109,1.487,-2.182,0,1,0,1,0,0,0,0,0,0,0,0,0,0.739
0,0,0.154,-2.301,0.383,-0.414,0,0,0,0,0,0,0,0,0,0,0,0,0,0.313
0,0,2.064,-6.044,1.895,-0.736,0,1,0,0,0,0,0,0,0,0,0,0,0,0.625
2,-1,2.237,-8.825,3.245,-2.481,0,0,0,0,0,0,0,0,0,0,0,0,1,0.438
0,0,0.315,-0.334,0.095,-0.28,0,0,0,0,0,0,0,0,0,0,0,0,0,0.5
0,0,0.477,-1.375,2.556,-1.77,0,0,0,0,0,0,0,0,0,0,0,0,0,0.625
0,0,2.861,-2.523,1.7,-3.993,0,0,0,0,0,0,0,0,0,0,0,0,0,0.813
3,0,3.138,-2.332,3.117,-2.269,0,0,0,0,1,0,0,0,0,1,0,0,0,0.87
0,0,1.796,0,0.832,0,0,0,0,0,1,0,0,0,0,1,0,0,0,0.739
0,-2,0,-1.828,0,-1.539,0,0,0,0,0,0,0,0,0,0,0,0,2,0.417
0,-1,0.185,-3.329,0,-3.894,0,0,0,0,0,0,0,0,0,0,0,0,1,0.479
0,0,0.978,-0.537,2.629,-2.073,0,0,0,0,0,0,0,0,0,0,0,0,0,0.37
1,0,2.303,-0.335,1.489,-1.917,0,1,0,0,1,0,1,0,0,1,0,0,0,0.75
0,0,1.296,0,1.752,-0.348,0,0,0,0,0,0,0,0,0,0,0,0,0,0.457
3,0,1.536,-0.471,1.234,-2.468,0,1,0,0,1,0,1,0,0,1,0,0,0,0.522
2,-2,0.225,-4.71,0.271,-2.474,0,0,0,0,1,0,0,0,0,1,0,0,2,0.174
0,0,0.311,-3.048,1.795,-0.358,0,0,0,0,0,0,0,0,0,0,0,0,0,0.479
0,0,1.501,-0.902,1.543,-0.081,0,0,0,0,0,0,0,0,0,0,0,0,0,0.333
2,0,3.506,-2.374,2.107,-1.765,0,0,0,0,1,0,1,1,0,1,0,0,0,0.75
0,0,0.269,0,0,-0.317,0,0,0,0,0,0,0,0,0,0,0,0,0,0.542
0,0,0.575,-3.13,0.881,-2.2,0,1,0,0,1,0,1,1,0,1,0,0,0,0.604
3,0,0,-1.401,0.692,-2.492,0,0,0,0,1,0,0,1,0,1,0,0,0,0.708
0,0,0.402,-0.04,1.152,-0.695,0,0,0,0,0,0,0,0,0,0,0,0,0,0.354
0,-3,1.149,-4.928,1.435,-4.664,1,0,0,1,0,1,0,1,1,0,0,0,1,0.167
2,0,1.131,-0.259,0.085,-0.88,0,0,0,0,0,0,0,0,0,1,0,0,0,0.646
0,-2,3.612,-3.336,1.609,-2.771,0,0,0,0,0,0,1,0,1,0,0,0,0,0.63
1,-1,0.986,-6.288,1.303,-2.448,0,1,0,1,2,0,0,1,0,2,0,0,1,0.565
0,0,1.037,-1.835,1.103,-7.943,0,0,0,0,0,0,0,0,0,0,0,0,0,0.188
0,0,0,0,0,0,0,0,0,0,0,0,0,0,0,0,0,0,0,0.283
2,0,1,-0.208,3.73,0,0,0,0,0,0,0,0,0,0,0,0,0,0,0.604
0,-3,1.115,-2.94,1.788,-1.873,0,0,0,0,0,0,0,1,0,0,0,0,0,0.458
2,0,4.045,-3.268,4.72,-9.464,1,1,1,1,1,1,1,0,1,1,0,0,0,0.542
1,0,3.702,-1.147,2.458,-4.191,0,0,0,0,0,0,0,0,0,0,0,0,0,0.739
0,0,0.154,-0.129,0.383,-0.65,0,0,0,0,1,0,0,0,0,1,0,0,0,0.739
5,0,5.374,-4.668,2.887,-7.406,0,1,0,0,1,0,0,0,0,1,0,0,0,0.396
0,0,1.696,-1.748,1.76,-2.407,0,0,0,0,0,0,0,0,0,0,0,0,0,0.167
3,-1,5.208,-9.28,10.565,-5.557,0,1,0,1,1,1,1,0,1,3,0,0,0,0.674
3,0,2.558,-2.152,2.983,-4.153,0,1,0,0,1,1,0,1,1,1,0,0,0,0.438
3,0,3.662,-2.311,3.267,-2.709,0,1,0,0,1,0,0,1,0,1,0,0,0,0.673
0,0,0,0,0,0,0,0,0,0,0,0,0,0,0,0,0,0,0,0.429
0,0,0.615,-1.128,0,-1.785,0,0,0,0,0,1,0,0,1,0,0,0,0,0.813
0,0,0.539,-1.688,0.495,-2.988,0,0,0,0,0,0,0,0,0,0,0,0,0,0.375
5,0,0.025,-1.185,0.99,-0.807,0,1,0,0,2,1,0,2,0,2,0,0,0,0.292
0,-1,0.916,-4.556,0.171,-3.665,0,0,0,0,0,0,0,0,0,0,0,0,1,0.188
0,-1,1.951,-1.046,2.778,-0.628,0,0,0,0,0,0,0,0,0,0,0,0,1,0.458
0,-3,0.951,-1.885,0.542,-2.249,1,0,2,0,0,1,0,0,2,0,0,0,0,0.708
0,-1,3.569,-1.749,2.378,-1.507,0,1,0,0,1,0,0,1,0,1,0,0,1,0.283
0,0,1.515,-0.222,0.161,-0.145,0,0,0,0,0,0,0,0,0,0,0,0,0,0.417
0,-2,0.211,-3.124,1.097,-3.482,0,0,0,0,0,0,0,0,1,0,0,0,0,0.188
0,0,1.293,-1.464,1.532,-0.06,0,0,0,0,0,0,0,0,0,0,0,0,0,0.674
0,-1,1.6,-1.941,0.929,-5.054,0,0,0,0,1,0,0,0,0,1,0,0,1,0.37
4,0,1.073,-1.113,0.383,-1.537,0,0,0,0,0,0,0,0,0,1,0,0,0,0.646
0,0,2.954,-4.41,2.699,-9.891,0,0,0,0,0,0,0,0,0,0,0,0,0,0.548
0,-3,0.2,-1.454,0.735,-2.315,1,0,1,0,0,1,0,0,1,0,0,0,0,0.239
0,0,0.269,0,0,-0.317,0,0,0,0,0,0,0,0,0,0,0,0,0,0.292
0,-2,1.616,-3.718,2.921,-2.833,0,0,0,0,0,0,0,0,1,0,0,0,2,0.813
0,-1,0,-4.212,0.764,-4.258,0,0,0,0,0,0,0,0,0,0,0,0,1,0.313
0,0,0,-0.091,0,-0.638,0,0,0,0,0,0,0,0,0,0,0,0,0,0.109
0,0,2.889,-1.965,2.213,-3.047,0,1,0,1,0,0,1,1,0,2,0,0,0,0.5
3,0,0.789,-0.593,2.707,-0.443,0,0,0,0,1,1,0,1,1,1,0,0,0,0.521
0,-2,1.063,-3.694,0.97,-4.42,0,0,0,0,0,0,0,0,0,0,0,0,0,0.5
0,-2,4.868,-7.674,6.518,-2.428,0,2,1,0,1,1,0,0,2,1,0,0,0,0.938
2,0,4.727,-1.217,5.21,-2.014,0,2,0,0,2,1,0,1,0,2,0,0,0,0.604
2,-3,2.721,-2.905,0.395,-4.336,0,0,0,0,0,0,0,0,1,0,0,0,3,0.146
0,0,2.363,-3.943,1.92,-5.086,1,0,0,1,0,0,0,0,1,0,0,0,0,0.636
0,0,0.9,-0.096,0.208,0,0,0,0,0,0,0,0,0,0,0,0,0,0,0.625
0,-2,4.322,-2.193,2.493,-2.745,0,1,0,0,0,0,0,0,0,0,0,0,0,0.37
0,-5,3.818,-4.993,1.441,-2.711,0,0,0,0,0,0,0,0,0,1,0,0,2,0.333
0,-2,0.77,-0.729,0.838,-7.978,0,1,0,1,0,1,0,0,1,0,0,0,0,0.208
5,0,2.796,-0.684,2.109,-0.847,0,0,0,0,0,0,0,2,0,1,0,0,0,0.826
0,-1,0.988,-1.512,2.241,-2.711,0,0,0,0,0,0,0,0,0,0,0,0,1,0.438
0,0,3.365,-0.748,5.499,-2.495,0,0,0,0,0,0,0,0,0,0,0,0,0,0.375
4,0,1.877,-1.401,1.574,-2.871,0,0,0,0,1,0,0,1,0,1,0,0,0,0.696
0,0,2.22,-1.106,1.758,-0.695,0,0,0,0,0,0,0,0,0,0,0,0,0,0.563
0,0,1.534,-3.387,3.194,-3.525,0,0,0,0,0,0,0,0,0,1,0,0,0,0.523
7,0,1.653,-1.977,0.383,-2.496,0,0,0,0,0,0,0,0,0,1,0,0,0,0.5
2,0,6.415,-1.23,9.032,-2.106,0,1,0,1,1,1,0,1,1,2,0,0,0,0.13
4,-1,0.919,-0.941,0,-1.597,0,0,0,0,0,0,0,0,0,1,0,0,1,0.208
2,0,2.696,-0.955,2.051,-0.88,0,1,0,0,1,0,1,1,0,1,0,0,0,0.25
3,-4,3.595,-6.21,3.053,-6.942,1,1,1,1,1,1,1,0,1,1,0,0,1,0.5
0,0,0,-0.342,0,-1.718,0,0,0,0,1,0,0,1,0,1,0,0,0,0.354
0,-1,0.896,-3.642,1.056,-2.864,0,0,0,0,0,0,0,0,0,1,0,0,1,0.833
5,-11,3.051,-4.263,7.362,-10.398,1,2,2,1,1,1,1,1,3,2,0,0,0,0.196
2,0,2.82,-1.199,3.222,-5.406,0,0,0,0,0,0,0,0,0,0,0,0,0,0.458
3,0,1.83,-1.718,1.905,-2.508,0,0,0,0,1,0,0,0,1,1,0,0,0,0.5
0,0,0,0,0,0,0,0,0,0,0,0,0,0,0,0,0,0,0,0.292
3,-3,4.219,-1.395,3.641,-1.688,0,1,0,0,1,0,1,0,1,1,0,0,0,0.708
0,0,0.488,-2.624,2.015,-5.913,0,0,0,0,0,0,0,0,0,1,0,0,0,0.542
0,-1,1.747,-3.964,2.409,-1.914,0,0,0,1,0,0,0,1,0,0,0,0,1,0.271
0,0,2.835,-1.801,6.549,-1.055,0,1,0,0,1,1,0,1,0,1,0,0,0,0.313
0,-2,2.797,-3.069,1.166,-1.542,1,1,1,1,1,1,1,1,1,2,0,0,0,0.25
2,0,1.285,-0.091,0.796,-0.638,0,1,0,0,1,0,1,1,0,1,0,0,0,0.729
3,-1,0.518,-5.527,0.664,-4.108,0,0,0,0,0,0,0,0,0,1,0,0,1,0.104
0,0,0.534,-0.461,0.478,-0.214,0,0,0,0,0,0,0,0,0,0,0,0,0,0.313
1,-1,1.512,-6.437,1.674,-5.308,0,1,0,2,1,1,1,2,1,1,0,0,1,0.326
2,0,2.69,-1.042,2.717,-2.355,0,0,0,0,1,0,1,1,0,1,0,0,0,0.667
0,-1,2.836,-3.445,2.11,-4.099,0,2,0,0,2,0,0,0,0,2,0,0,1,0.188
2,0,3.784,-2.83,1.885,-2.927,0,1,0,0,1,0,0,1,0,2,0,0,0,0.438
1,-1,2.834,-3.036,1.573,-6.782,0,0,0,0,1,0,0,2,0,2,0,0,1,0.652
2,-5,2.994,-3.508,3.792,-7.309,0,1,0,0,1,0,0,0,0,1,0,0,1,0.105
2,0,3.284,-5.601,3.264,-3.393,0,0,0,0,0,0,0,0,0,2,0,0,0,0.929
2,-1,3.474,-2.92,1.882,-3.601,0,0,0,0,0,0,0,0,0,0,0,0,1,0.667
6,0,1.142,-0.573,0.141,-5.522,0,0,0,0,0,0,0,0,0,1,0,0,0,0.804
0,-1,2.013,-5.1,4.043,-4.981,0,0,0,0,0,0,0,0,0,0,0,0,1,0.522
2,0,1.894,0,0.773,0,0,0,0,0,0,0,0,0,0,0,0,0,0,0.438
0,0,0.735,-2.336,1.347,-2.36,0,0,0,0,0,0,0,0,0,0,0,-2,0,0.043
0,-1,2.787,-0.921,1.684,-1.566,0,0,0,0,0,0,0,1,0,0,0,0,1,0.292
3,0,2.287,-2.228,1.725,-3.742,0,2,0,0,1,3,1,1,2,1,0,0,0,0.646
0,0,0.572,-0.995,2.266,-0.642,0,0,0,0,0,1,0,0,1,1,0,0,0,0.615
3,0,10.262,-1.853,6.513,-5.137,0,1,0,0,1,0,0,1,0,1,0,0,0,0.688
0,0,3.014,-0.376,1.705,-1.863,0,0,0,0,0,0,0,0,0,0,0,0,0,0.771
0,-1,2.265,-4.693,4.568,-4.818,0,0,0,0,0,0,0,0,0,0,0,0,2,0.771
0,-4,1.275,-1.6,0.61,-1.752,1,0,1,1,0,0,0,0,2,0,0,0,0,0.125
4,-3,4.542,-4.39,2.153,-9.294,0,0,0,1,0,1,0,0,1,1,0,0,0,0.522
0,0,2.317,-0.643,1.076,-1.359,0,0,0,0,0,0,0,0,0,0,0,0,0,0.75
2,0,2.25,-1.596,3.521,-8.177,0,0,0,0,0,0,0,0,1,0,0,0,0,0.647
0,0,0,-0.285,0,-1.263,0,0,1,1,0,1,0,0,1,0,0,-2,0,0.188
0,-1,1.059,-1.72,0.621,-2.504,0,0,0,0,0,0,0,0,0,0,0,0,1,0.469
3,0,4.003,-0.809,1.79,-2.353,0,2,0,0,2,0,1,0,1,2,0,0,0,0.727
3,0,1.072,-0.995,1.718,-0.446,0,1,0,0,1,0,1,0,0,1,0,0,0,0.37
3,0,2.07,-2.433,1.679,-1.33,0,1,0,0,1,0,1,0,0,2,2,0,0,0.565
0,0,1.594,-2.81,2.206,-3.978,0,0,0,0,0,0,0,1,0,1,0,0,0,0.283
2,0,0.2,-3.839,0.749,-1.325,0,0,0,0,0,0,0,0,0,0,0,0,1,0.682
3,0,1.427,-0.838,2.623,-1.818,0,1,0,0,2,0,1,0,0,2,0,0,0,0.688
0,-5,1.912,-8.888,3.021,-7.973,0,0,0,0,0,0,0,2,1,1,0,0,1,0.313
3,0,2.833,-0.721,2.006,-1.256,0,2,0,0,2,1,0,1,0,2,0,0,0,0.958
2,-5,5.079,-5.202,2.395,-7.944,2,1,1,0,2,1,1,2,1,3,0,0,1,0.583
0,0,3.886,-0.509,2.043,-2.953,0,0,0,0,0,0,0,0,0,1,0,0,0,0.875
3,-2,4.051,-1.895,2.645,-3.467,0,0,0,1,0,0,1,1,2,1,0,0,0,0.792
0,0,1.597,-2.836,3.586,-3.68,1,1,0,2,0,0,1,0,1,0,0,0,0,0.955
0,-1,1.418,-2.598,0.271,-1.799,0,0,0,0,0,0,0,0,0,0,0,0,1,0.271
0,-1,6.111,-2.475,10.289,-3.733,1,1,0,0,1,1,1,0,1,1,0,0,1,0.479
0,-4,3.786,-3.453,2.896,-3.123,0,0,0,1,0,1,0,0,2,0,0,0,0,0.523
0,-1,0.958,-7.792,1.342,-4.799,0,0,0,0,0,0,0,1,0,1,0,0,1,0.152
3,0,4.74,-0.324,4.628,-5.597,0,1,0,0,1,0,1,0,1,1,0,0,0,0.522
0,0,1.347,0,0.624,0,0,0,0,0,0,0,0,0,0,0,0,0,0,0.417
2,0,1.156,-0.151,0.563,-0.52,0,0,0,0,0,0,0,0,0,1,0,0,0,0.667
0,0,0.423,0,0.478,0,0,0,0,0,0,0,0,0,0,0,0,0,0,0.652
0,0,0.008,-1.331,0.086,-1.009,0,0,0,0,0,0,0,0,0,1,0,0,0,0.37
0,-1,3.574,-7.623,1.248,-3.501,0,2,1,1,1,1,1,2,1,2,0,0,1,0.813
2,-1,1.422,-3.554,2.592,-3.382,0,0,0,0,0,0,0,0,0,0,0,0,1,0.479
3,0,0.627,0,0.246,0,0,1,0,0,1,0,1,0,0,1,0,0,0,0.563
0,-1,1.109,-4.391,1.294,-6.222,0,0,0,0,1,0,0,1,0,1,0,0,1,0.625
0,-2,1.205,-1.153,1.518,0,0,0,0,0,0,0,0,0,0,1,0,0,0,0.438
0,-1,2.506,-4.529,0.801,-3.769,0,0,0,0,0,0,0,0,0,0,0,0,1,0.479
2,0,4.904,-2.732,5.121,-4.173,0,0,0,0,0,0,0,0,0,0,0,0,0,0.5
0,0,0.536,-3.009,0.42,-4.49,0,1,0,0,1,0,0,0,0,1,0,0,0,0.5
4,0,0.82,-2.212,1.398,-0.162,0,0,0,0,0,0,0,0,0,0,0,0,0,0.667
1,-2,0.005,-2.981,0.353,-3.281,0,1,0,0,1,0,0,1,1,1,0,0,0,0.25
0,0,0.624,-0.725,0.036,-1.57,0,0,0,0,0,0,0,0,0,0,0,0,0,0.25
0,-1,1.59,-1.121,1.088,-2.635,0,0,0,0,0,0,0,0,0,0,0,0,1,0.348
0,-3,0.154,-2.384,0.421,-1.042,0,0,0,0,0,0,0,0,0,0,0,0,1,0.208
2,-2,1.255,-6.566,1.116,-7.227,0,0,0,0,0,0,0,0,1,2,0,0,0,0.333
1,-1,5.185,-3.609,6.287,-3.014,0,1,0,0,1,0,1,0,0,1,0,-2,1,0.674
2,-3,0.205,-3.397,1.29,-3.113,0,1,0,0,0,0,0,0,0,1,0,0,0,0.146
3,0,2.425,0,1.787,-0.317,0,1,0,0,1,0,0,1,0,1,0,0,0,0.773
0,0,3.172,-1.85,1.862,-0.82,0,0,0,1,0,1,0,0,1,0,0,0,0,0.396
0,0,0.449,-0.056,0.208,-1.751,0,0,0,0,0,0,0,0,0,0,0,0,0,0.563
0,0,2.541,-5.311,0.924,-2.715,0,0,0,0,0,0,0,0,0,0,0,0,0,0.438
0,-3,4.836,-1.753,6.01,-5.047,0,1,0,0,2,1,0,0,1,3,0,0,0,0.478
0,0,1.274,0,0.672,-2.294,0,0,0,0,0,0,0,0,1,0,0,0,0,0.646
3,0,1.579,-2.975,1.299,-3.249,0,1,0,0,1,0,1,0,0,1,0,0,0,0.188
0,0,2.556,-8.64,3.01,-9.696,0,0,0,0,0,0,0,0,0,1,0,0,0,0.87
0,-1,0.409,-1.963,1.206,-1.556,0,0,0,0,0,0,0,0,0,0,0,0,1,0.292
0,0,0.622,-1.5,1.283,-0.94,0,0,0,0,0,0,0,0,0,0,0,0,0,0.167
0,0,1.195,-5.455,3.046,-2.605,0,0,0,0,0,1,0,0,3,1,0,0,0,0.875
0,-2,0.205,-0.969,1.29,-1.643,0,1,0,1,0,1,0,1,1,0,0,0,0,0.326
0,0,1.134,-0.781,0.678,-3.125,0,0,0,0,0,0,0,0,0,1,0,0,0,0.182
0,0,0.315,-0.513,0.161,-0.859,0,0,0,0,0,0,0,1,0,1,0,0,0,0.5
5,0,2.579,-0.287,4.455,-1.292,0,2,0,0,1,0,1,0,0,2,0,0,0,0.646
3,-1,0.783,-2.136,0.874,-2.567,0,0,0,0,0,0,0,0,0,0,0,0,1,0.479
6,-2,2.645,-5.649,3.636,-3.805,1,1,1,0,1,1,0,1,1,1,0,0,1,0.583
0,-3,0.606,-3.212,0.664,-2.813,1,0,0,1,0,1,0,0,1,0,0,0,1,0.229
3,0,2.013,-0.902,2.789,-0.054,0,1,0,0,1,0,0,1,0,1,0,0,0,0.854
4,0,6.023,-1.362,4.549,-2.792,0,1,0,1,0,1,0,0,1,1,0,0,0,0.75
3,0,7,-0.4,4.471,-1.621,0,0,0,0,2,0,0,0,0,2,0,0,0,0.609
2,-2,5.302,-4.062,4.906,-1.264,0,0,0,0,1,0,1,1,0,1,0,0,0,0.896
4,0,3.089,-1.197,4.562,-9.042,0,0,0,0,0,0,0,0,3,0,0,0,0,0.333
0,-1,1.347,-2.925,1.304,-2.559,0,1,0,0,0,0,0,0,0,0,0,0,1,0.604
0,-2,5.514,-3.451,2.607,-9.966,0,2,0,0,2,0,0,1,0,2,0,0,0,0.364
0,0,2.168,-0.176,2.64,-0.615,0,0,0,0,0,0,0,0,0,0,0,0,0,0.563
4,0,1.171,-0.59,0.672,-3.977,0,0,0,0,0,1,0,0,2,1,0,0,0,0.75
3,-9,0.961,-4.637,3.294,-13.741,0,2,1,1,1,0,1,0,2,1,0,0,1,0.239
0,-2,0,-3.024,0,-3.651,0,0,0,0,0,1,0,0,1,0,0,-2,0,0.182
3,0,2.551,-1.44,1.761,-1.201,0,1,0,1,1,0,0,1,0,1,0,0,0,0.854
3,0,2.4,-1.592,0.631,-2.607,0,0,0,0,0,0,0,0,0,0,0,0,0,0.5
0,0,1.545,-1.678,1.089,-2.516,0,0,0,0,0,0,0,0,0,0,0,0,0,0.771
3,0,2.21,-1.298,1.627,-1.358,0,0,0,0,1,0,0,1,0,1,0,0,1,0.104
5,0,5.374,-3.991,4.616,-4.732,0,1,0,1,4,0,0,2,0,4,0,0,0,0.674
3,-1,1.682,-1.48,1.078,-1.61,0,1,0,0,1,0,0,0,0,1,0,0,1,0.239
1,0,6.417,-3.314,1.172,-3.544,0,0,0,0,1,0,0,0,0,1,0,0,0,0.652
0,0,1.637,-0.209,0.764,-2.233,0,0,0,0,0,0,0,0,0,0,0,0,0,0.304
0,0,0.814,0,1.545,0,0,0,0,0,0,0,0,0,0,0,0,0,0,0.354
0,-2,0.229,-1.146,0.623,-0.287,0,1,0,1,0,1,1,0,2,1,0,0,0,0.375
0,0,2.507,-0.176,0.762,-0.943,0,0,0,0,0,0,0,0,0,0,0,0,0,0.479
0,0,3.226,-1.356,4.584,-5.449,0,0,0,0,0,0,0,2,0,1,0,0,0,0.543
0,0,0.78,-0.854,0,-0.936,0,1,0,0,1,1,1,0,1,1,0,0,0,0.833
3,-2,2.016,-0.624,3.348,-5.911,0,1,0,0,1,0,1,0,0,1,0,0,0,0.625
2,-1,1.415,-2.681,2.688,-4.571,0,0,0,0,0,0,0,0,1,0,0,0,1,0.304
0,0,0.134,-1.195,0.733,0,0,0,0,0,0,0,0,0,0,0,0,0,0,0.208
1,0,2.41,-0.176,1.366,-0.787,0,1,0,0,1,0,1,0,0,1,0,0,0,0.813
0,0,1.088,0,1.348,0,0,0,0,0,0,0,0,0,0,0,0,0,0,0.565
2,0,3.657,-1.983,1.679,-2.953,0,2,0,0,1,0,1,0,0,1,0,0,0,0.522
0,-4,3.748,-2.935,3.918,-4.46,0,0,0,0,0,0,0,0,0,0,0,0,1,0.25
0,0,1.966,-2.191,3.03,-1.998,0,0,0,0,0,0,0,1,0,1,0,0,0,0.521
0,0,0.861,0,0,-0.214,0,0,0,0,0,0,0,0,0,0,0,0,0,0.667
1,0,0.354,-1.322,0.77,-1.914,0,1,0,1,1,0,0,1,0,1,0,0,0,0.521
0,0,0.197,-0.405,0,-1.109,0,0,0,0,0,0,0,0,0,0,0,0,0,0.458
4,-4,1.505,-3.029,2.062,-4.075,1,0,1,0,0,0,0,0,1,1,0,0,0,0.479
0,-1,0,-2.73,0,-4.143,0,0,0,0,0,0,0,0,0,0,0,0,1,0.25
2,-1,1.216,-2.095,1.059,-2.371,0,0,0,0,1,0,0,0,0,1,0,0,1,0.479
0,0,0,0,0,0,0,0,0,0,0,0,0,0,0,0,0,0,0,0.326
0,0,0.214,-0.609,0.461,-1.647,0,0,0,0,0,0,0,0,0,0,0,0,0,0.659
0,0,0,-1.566,1.17,-1.063,0,0,0,0,0,0,0,0,0,0,0,0,0,0.375
1,0,0.492,-0.187,2.659,-0.621,0,0,1,0,0,0,1,1,0,0,0,0,0,0.182
0,0,1.873,-0.986,3.925,-2.218,0,1,0,0,1,0,1,1,0,1,0,0,0,0.826
0,0,1.347,-1.422,0.271,-1.065,0,1,0,0,1,1,1,1,1,1,0,0,0,0.875
4,-2,2.907,-3.08,0.376,-4.405,0,0,0,0,0,0,0,0,0,1,0,0,0,0.313
3,0,1.379,-0.562,1.47,-0.948,0,1,0,0,1,0,0,1,0,1,0,0,0,0.792
0,-1,1.344,-2.599,1.425,-3.035,0,1,0,1,0,0,0,0,0,0,0,0,1,0.217
0,0,2.823,-2.843,3.379,-1.775,0,1,0,0,1,0,0,1,0,1,0,0,0,0.833
0,-1,2.306,-1.425,1.345,-1.928,0,0,0,0,0,0,0,0,0,0,0,0,1,0.375
0,0,6.599,-2.447,1.004,-10.697,0,3,0,2,1,0,0,1,0,1,0,0,0,0.783
0,0,1.696,-1.748,1.76,-2.407,0,0,0,0,0,0,0,0,0,0,0,0,0,0.5
2,0,4.025,-1.245,1.265,-1.021,0,1,0,0,1,0,1,1,0,1,0,0,0,0.869
3,0,3.202,-1.825,3.871,-4.579,0,1,0,0,1,0,0,0,0,2,0,0,0,0.668
0,0,0,-0.04,0.542,0,0,0,0,0,0,0,0,0,0,0,0,0,0,0.25
3,0,1.416,-1.029,2.071,-1.645,0,1,0,0,1,0,1,0,0,1,0,0,0,0.355
0,0,3.488,-1.057,0.917,-2.693,0,0,0,0,1,0,0,0,0,1,0,0,0,0.438
0,0,3.797,-1.836,2.157,-7.022,1,0,1,1,0,1,1,1,1,1,0,0,0,0.109
2,0,3.201,-0.382,2.076,0,0,0,0,0,0,0,0,0,0,0,0,0,0,0.652
0,0,1.173,0,0,-0.36,0,0,0,0,0,0,0,0,0,0,0,0,0,0.374
0,-2,0.802,-2.786,4.362,-2.256,0,0,0,0,0,0,0,0,0,1,0,0,0,0.188
1,-1,0.433,-4.744,1.389,-2.756,0,1,0,1,1,0,0,1,1,1,0,0,1,0.521
0,0,0.154,-0.295,0.383,-1.492,0,0,0,0,1,0,0,0,0,1,0,0,0,0.604
0,0,4.417,-1.671,3.308,-10.742,0,2,0,1,1,0,0,0,0,2,0,0,0,0.313
0,-3,1.894,-1.413,1.318,-3.159,0,0,0,0,0,0,0,0,0,0,0,0,0,0.25
3,0,1.392,-1.163,1.126,-0.214,0,1,0,0,1,0,1,0,0,1,0,0,0,0.667
0,0,1.439,-3.071,1.486,-0.816,0,0,0,0,0,0,0,0,0,0,0,0,0,0.341
0,0,0.608,-2.973,0.864,-3.345,0,0,0,0,0,0,0,0,0,0,0,0,0,0.646
2,0,0.655,-1.439,3.43,-1.932,0,0,0,0,0,0,0,0,0,2,0,0,0,0.354
4,-1,2.952,-6.177,1.714,-2.275,0,0,0,0,1,0,1,1,0,1,0,0,1,0.583
3,0,0.756,-1.162,0.344,-2.492,0,0,0,0,1,0,0,1,0,1,0,0,0,0.563
0,-1,0.33,-4.798,0.904,-2.698,0,0,0,0,0,0,0,0,0,0,0,0,2,0.283
0,0,3.814,-1.929,3.944,-1.927,0,0,0,0,1,1,0,0,1,1,0,0,0,0.783
3,0,2.19,-2.959,2.242,-1.519,0,1,0,0,1,0,0,2,0,2,0,0,0,0.708
3,0,0.88,-1.424,0,-2.063,0,0,0,0,0,0,0,0,0,0,0,0,0,0.63
0,0,0.454,-0.695,0,-1.297,0,0,0,0,0,0,0,0,0,0,0,0,0,0.159
0,0,1.437,-0.211,0.664,-7.226,0,1,0,0,1,0,0,0,0,1,0,0,0,0.375
3,-2,5.186,-1.835,3.582,-3.452,0,1,0,0,1,0,0,1,1,1,0,0,0,0.522
0,-2,1.611,-3.12,2.248,-1.411,1,0,0,1,0,1,0,0,1,0,0,0,0,0.522
0,0,0.108,-0.581,0.368,-0.697,0,0,0,0,0,0,0,0,0,0,0,0,0,0.391
1,0,1.579,-1.127,0.734,-1.942,0,1,0,1,1,0,1,0,1,1,0,0,0,0.458
3,0,1.499,0,0.932,0,0,1,0,0,1,0,1,0,0,1,0,0,0,0.729
3,0,0.942,-0.903,1.07,-1.154,0,1,0,0,1,0,1,0,0,2,0,0,0,0.542
0,0,1.165,0,0.036,-0.317,0,0,0,0,0,0,0,0,0,0,0,0,0,0.435
7,-1,1.016,-4.2,2.162,-5.352,0,1,0,1,1,0,0,0,0,1,0,0,1,0.457
3,0,1.986,-1.15,2.53,-3.232,0,1,0,1,1,0,0,0,0,1,0,0,1,0.25
4,-3,5.706,-1.616,2.99,-2.338,1,1,0,0,2,1,1,1,1,2,0,0,1,0.208
0,0,0,-1.591,0,-1.12,0,0,0,0,0,0,0,0,0,0,0,0,0,0.5
0,0,0.385,0,0.471,0,0,0,0,0,0,0,0,0,0,0,0,0,0,0.283
8,0,5.331,-0.827,4.063,-0.468,0,2,0,0,2,0,1,2,0,3,0,0,0,0.792
1,-1,0.676,-2.787,1.458,-2.126,0,0,0,0,0,0,0,0,0,0,0,0,1,0.583
0,0,1.075,-2.547,1.322,-1.138,0,0,0,0,0,0,0,0,0,0,0,0,0,0.125
0,-2,0.409,-2.257,0.664,-1.989,0,0,0,0,0,0,0,0,0,0,0,0,0,0.542
0,-1,2.108,-2.636,3.301,-6.72,0,0,0,0,0,0,0,0,0,0,0,0,1,0.348
0,0,1.824,-1.513,0.33,-3.842,1,0,0,0,0,0,0,0,1,0,0,0,0,0.125
0,0,0.429,-0.209,0.478,-1.95,0,0,0,0,0,0,0,0,0,0,0,0,0,0.458
2,0,1.079,-0.686,0.989,-0.617,0,1,0,0,2,0,1,2,0,2,0,0,0,0.652
3,-1,0.627,-2.795,0.407,-1.675,0,1,0,0,1,0,1,0,0,1,0,0,1,0.304
0,0,0.685,-0.095,0,-1.244,0,0,0,0,0,0,0,0,0,0,0,0,0,0.646
0,0,2.112,-0.168,0.767,0,0,0,0,0,0,0,0,0,0,0,0,0,0,0.521
2,-1,0.21,-1.43,0,-1.941,0,0,0,0,2,0,0,0,0,2,0,0,2,0.19
3,-3,3.088,-1.948,4.984,-11.103,1,2,0,3,1,0,0,1,2,2,0,0,0,0.587
0,0,1.845,-2.169,2.806,-1.922,0,0,0,0,0,0,0,0,0,1,0,0,0,0.354
0,-1,0.397,-1.094,0.974,-2.549,0,0,0,0,0,0,0,0,0,0,0,0,1,0.229
5,-1,3.326,-3.25,3.38,-6.107,0,1,0,0,1,1,0,1,1,2,0,0,1,0.271
2,0,2.664,-0.528,1.299,-0.214,0,0,0,0,0,0,0,0,0,0,0,0,0,0.457
7,-1,3.435,-3.374,1.31,-2.695,0,3,0,1,3,0,1,3,0,3,0,0,1,0.854
2,0,1.836,-0.469,1.477,-0.893,0,0,1,0,0,1,0,0,1,1,0,0,0,0.539
0,0,6.93,-2.437,3.254,-3.718,0,0,0,0,1,0,0,0,0,1,0,0,0,0.795
1,-2,2.19,-5.08,2.522,-3.432,0,1,0,1,1,0,1,0,0,1,0,0,2,0.854
0,0,3.066,-0.621,0.956,-0.445,0,0,0,0,0,0,0,0,0,0,0,0,0,0.208
4,-2,2.187,-3.21,0.964,-3.811,0,0,1,0,0,1,0,0,1,0,0,0,0,0.646
8,-1,1.456,-6.173,3.39,-4.484,0,2,0,0,1,0,0,0,0,1,0,0,1,0.604
0,0,2.144,-0.257,1.197,-1.432,0,1,0,0,0,0,0,0,0,0,0,0,0,0.543
0,-1,0.474,-3.814,0.61,-1.799,0,0,0,0,0,0,0,0,0,0,0,0,1,0.813
0,-7,4.373,-5.601,1.255,-13.926,1,0,1,2,0,3,0,0,3,0,0,0,0,0.457
0,-1,2.036,-1.95,1.339,-3.456,0,0,0,1,0,0,0,0,1,0,0,0,1,0.826
2,-2,1.025,-0.897,0.542,-2.055,0,0,0,0,0,0,0,0,0,0,0,0,0,0.146
0,0,3.18,-0.366,1.897,-0.795,0,1,0,0,1,0,1,1,0,1,0,0,0,0.667
7,0,4.379,-0.398,1.523,-3.698,0,2,0,0,2,0,2,1,0,2,0,0,0,0.604
0,0,3.052,-4.717,3.42,-1.754,0,1,0,1,0,0,0,0,0,0,0,0,0,0.833
3,0,2.519,-1.271,1.681,-0.95,0,1,0,0,1,0,1,0,0,1,0,0,1,0.523
0,0,3.23,-1.37,2.617,-6.032,0,1,0,1,1,0,0,1,0,1,0,0,0,0.438
4,-3,1.435,-5.11,1.141,-9.831,0,1,0,0,1,0,2,1,0,3,0,0,1,0.625
1,-2,2.349,-2.361,1.274,-4.555,1,1,0,1,1,1,1,0,1,1,0,0,0,0.771
0,0,0.537,-0.916,3.715,-0.81,0,0,0,0,0,0,0,0,0,0,0,0,0,0.304
4,-1,4.128,-1.829,6.924,-2.361,0,1,0,0,1,0,1,1,0,1,0,0,1,0.646
0,-1,0.193,-1.73,0.742,-3.098,0,0,0,0,0,0,0,0,0,0,0,0,0,0.457
2,-1,1.4,-4.991,2.245,-4.576,0,0,0,0,1,0,0,0,0,1,0,0,1,0.717
2,0,3.031,-1.54,0.725,-3.753,0,1,0,0,1,0,0,1,0,2,0,0,1,0.583
6,0,6.256,-2.786,3.717,-5.985,0,3,0,0,3,0,2,1,0,3,0,0,0,0.478
0,0,5.948,-1.245,1.171,-1.781,0,0,0,0,1,0,0,1,0,3,0,0,0,0.75
0,0,0.014,-0.89,5.528,-0.379,0,0,0,0,0,0,0,0,0,0,0,0,0,0.875
0,-1,0.336,-3.331,0.778,-2.019,0,0,0,0,0,0,0,0,0,1,0,0,1,0.25
0,0,0.385,0,0,0,0,0,0,0,0,0,0,0,0,0,0,0,0,0.438
10,0,4.573,-3.199,7.173,-3.881,0,3,0,1,2,0,2,1,0,4,0,0,0,0.478
0,0,0,0,0,-0.214,0,0,0,0,0,0,0,0,0,0,0,0,0,0.326
0,0,1.137,-1.744,3.334,-1.132,0,0,0,0,0,0,0,0,0,0,0,0,0,0.75
0,0,1.813,-1.971,4.082,-3.635,0,0,0,0,0,0,0,0,0,1,0,0,0,0.565
4,0,8.148,-2.046,6.522,-20.557,0,0,0,0,1,0,1,2,0,2,0,0,0,0.364
2,0,3.105,-0.61,5.628,-0.359,0,2,0,0,2,0,1,2,1,3,0,0,0,0.667
0,-1,1.967,-3.362,4.014,-2.922,0,0,0,0,1,0,0,0,0,1,0,0,1,0.813
0,0,0.471,0,0.61,-0.004,0,0,0,0,0,0,0,0,0,0,0,0,0,0.826
0,-1,1.319,-2.694,3.515,-2.246,0,0,0,0,0,0,0,0,0,1,0,0,1,0.5
3,-2,4.458,-3.093,4.155,-1.773,0,1,0,0,1,0,0,1,0,2,0,0,2,0.37
3,0,1.196,-0.508,0.51,-0.071,0,1,0,0,1,0,0,1,0,1,0,0,0,0.826
0,0,2.445,-0.238,3.4,-0.343,0,0,0,0,0,0,0,0,0,0,0,0,0,0.63
0,0,0.785,-2.385,2.524,-0.717,0,1,0,0,1,0,0,1,0,1,0,0,0,0.333
0,0,2.129,-6.085,3.293,-1.824,0,1,0,0,0,1,0,1,1,0,0,0,0,0.69
0,-1,1.421,-1.201,0.573,-2.427,0,0,0,0,1,0,0,0,0,1,0,0,1,0.543
3,0,2.732,-1.052,2.46,-3.236,0,1,0,0,1,0,0,1,0,1,0,0,0,0.917
0,0,0.197,-0.319,0,-1.164,0,0,0,0,0,1,0,0,1,0,0,0,0,0.667
0,-3,4.054,-2.712,1.052,-11.009,0,0,0,1,0,1,0,0,1,0,0,0,0,0.326
0,-3,2.583,-5.062,1.495,-11.85,0,1,0,0,1,1,0,1,2,2,0,0,1,0.543
4,-1,2.801,-3.487,1.881,-3.416,0,0,0,0,0,0,0,1,0,2,0,0,1,0.479
3,0,4.45,-0.366,3.043,-0.439,0,3,0,0,3,0,0,3,0,3,0,0,0,0.813
0,0,1.491,0,1.795,0,0,0,0,0,0,0,0,0,0,0,0,0,0,0.438
0,-1,0.129,-2.935,0.33,-4.281,0,0,0,0,0,0,0,0,0,0,0,0,1,0.438
0,0,1.846,-0.661,3.378,-0.36,0,0,0,0,0,0,0,0,0,1,0,0,0,0.522
0,0,0.842,-1.359,4.764,-3.245,0,0,0,0,0,0,0,0,0,0,0,0,0,0.75
0,-4,1.378,-0.51,1.403,-0.585,0,0,0,0,0,0,1,0,0,0,0,0,0,0.542
3,-1,2.371,-2.783,5.901,-1.316,0,1,0,1,1,0,1,1,0,1,0,0,1,0.717
3,0,1.542,-0.142,0.638,0,0,0,0,0,0,0,0,0,0,0,0,0,0,0.542
4,0,2.238,-7.837,3.43,-2.76,0,1,0,0,1,0,1,1,0,1,0,0,0,0.478
0,-1,4.837,-3.722,2.645,-5.144,0,0,0,0,0,0,0,0,0,0,0,0,1,0.896
3,0,1.709,-1.787,1.516,-2.091,0,0,0,0,0,0,0,0,0,1,0,0,1,0.438
4,0,2.535,-3.79,0.684,-2.633,0,1,0,0,1,0,1,0,0,1,0,0,0,0.594
0,0,1.117,-0.873,3.707,-0.06,0,1,0,0,0,0,0,0,0,0,0,0,0,0.542
0,-1,1.46,-6.105,1.382,-2.208,0,0,0,0,0,0,0,0,1,0,0,0,1,0.208
0,0,2.196,-0.04,0.664,-0.457,0,0,0,0,0,0,0,0,0,0,0,0,0,0.188
1,0,1.526,-1.254,0.671,-2.259,0,0,0,0,1,0,0,0,0,1,0,0,0,0.75
3,-1,2.093,-2.292,3.48,-4.279,0,1,0,0,1,0,1,0,0,1,0,0,1,0.389
2,0,1.888,-0.828,0.542,-2.701,0,0,0,0,0,0,0,0,0,0,0,0,0,0.717
0,0,1.07,-1.901,0.394,-0.393,0,0,0,0,0,0,0,0,0,0,0,0,0,0.354
3,0,1.09,-0.062,0.979,-0.06,0,0,0,0,1,0,1,0,0,1,0,0,0,0.708
0,0,1.06,-1.709,3.573,-2.376,1,2,0,0,2,0,2,1,0,2,0,0,0,0.565
2,0,1.237,-2.808,1.294,-5.062,0,1,0,0,1,0,0,0,0,1,0,0,0,0.146
0,-1,1.769,-3.849,1.104,-1.671,0,0,0,0,0,0,0,0,0,0,0,0,1,0.391
4,0,0.349,-0.681,0.161,-1.06,0,0,0,0,1,0,0,0,0,1,0,0,0,0.413
5,0,2.859,-0.062,2.854,-0.448,0,1,0,0,2,0,0,2,0,2,0,0,0,0.604
0,0,0.797,0,0.478,-0.727,0,0,0,0,0,0,0,0,0,0,0,0,0,0.604
4,0,4.607,-0.548,5.253,-1.724,0,1,0,1,1,2,0,1,2,2,0,0,0,0.5
0,-1,0,-0.826,0,-0.628,0,0,0,0,0,0,0,0,0,0,0,0,1,0.271
3,0,1.645,-0.022,1.164,0,0,1,0,0,1,0,0,1,0,1,0,0,0,0.813
0,0,0.982,-0.461,1.088,-0.214,0,0,0,0,0,0,0,0,0,0,0,0,0,0.542
3,0,3.851,-6.55,0.206,-5.551,0,1,0,0,1,0,1,0,0,1,0,0,0,0.565
1,0,0.433,-2.161,1.828,-0.638,0,0,0,0,0,0,0,0,0,0,0,0,0,0.333
0,0,0.636,-0.576,0,-0.456,0,0,0,0,0,0,0,0,0,0,0,0,0,0.708
0,-1,1.019,-1.002,1.015,-1.147,0,0,0,0,0,0,0,0,0,0,0,0,1,0.63
0,0,1.289,-2.273,0.678,-1.859,0,0,0,0,0,0,0,0,0,0,0,0,0,0.313
2,-3,0.079,-5.713,0.213,-4.627,0,0,0,0,0,0,0,0,1,0,0,0,1,0.063
0,0,0.315,0,0.095,0,0,0,0,0,0,0,0,0,0,0,0,0,0,0.292
0,0,0,-0.254,0,-0.102,0,0,0,0,0,0,0,0,0,0,0,0,0,0.271
1,-3,1.743,-3.558,0.654,-3.739,0,1,0,0,1,0,1,0,0,1,0,0,1,0.205
0,0,1.77,-0.366,0.667,-0.845,1,0,0,0,0,0,0,0,0,0,0,0,0,0.333
4,0,1.27,-0.568,0.383,-2.211,0,0,0,0,0,0,0,0,0,1,0,0,0,0.375
4,0,3.562,0,2.456,-0.52,0,1,0,0,2,0,0,2,1,2,0,0,0,0.646
0,0,2.516,-1.476,2.871,-2.563,0,0,0,0,0,0,0,0,0,0,0,0,0,0.438
3,0,4.64,-3.235,3.227,-1.855,0,0,0,0,1,0,0,1,0,3,0,0,0,0.476
6,-3,2.587,-3.842,1.898,-4.865,0,0,0,0,0,0,0,0,0,1,0,0,1,0.479
0,-2,0.008,-2.348,0,-2.951,0,0,0,0,0,1,0,0,1,0,0,0,0,0.455
3,0,3.163,-1.804,3.627,-1.99,0,1,0,0,1,0,0,0,0,1,0,0,0,0.917
0,0,3.456,-0.565,2.695,-2.72,0,0,0,0,1,0,0,0,0,1,0,0,0,0.792
0,-1,0.695,-2.562,3.016,-3.208,0,0,0,0,0,0,0,0,0,0,0,0,1,0.521
3,0,2.508,-4.616,4.729,-3.431,0,0,0,0,1,0,0,0,0,1,0,0,0,0.636
3,0,2.108,0,1.309,0,0,1,0,0,1,0,0,1,0,1,3,0,0,0.771
2,-1,0.981,-0.598,1.689,-1.491,0,1,0,1,1,1,1,1,1,1,0,0,0,0.792
2,0,0.21,-0.994,0.246,-1.752,0,0,0,0,1,0,0,0,0,1,0,0,0,0.457
2,0,0.66,-1.337,0.769,-0.352,0,1,0,0,1,0,1,1,0,1,0,0,0,0.522
3,0,4.429,-0.692,2.445,-2.406,0,0,0,1,1,0,0,0,1,1,0,0,0,0.717
4,-1,3.056,-2.199,1.767,-4.767,0,0,0,0,0,0,0,0,0,1,0,0,2,0.146
0,0,2.065,-1.787,1.649,-5.688,0,1,0,1,0,0,0,0,0,0,0,0,0,0.542
3,0,0.74,-1.067,2.012,-0.278,0,0,0,0,0,0,0,0,0,1,0,0,0,0.479
0,0,0.533,0,0,-2.008,0,0,0,0,0,0,0,0,0,0,0,0,0,0.292
0,-1,0.2,-0.911,0.271,-1.255,0,0,0,0,0,0,0,0,0,0,0,0,1,0.522
0,0,2.205,-2.235,1.759,-3.467,0,1,0,0,1,0,0,0,0,2,0,0,0,0.609
0,0,0.336,-0.847,0,-1.659,0,1,0,0,1,0,1,1,0,1,0,0,0,0.771
0,0,0.409,-0.383,4.476,-0.181,0,0,0,0,0,0,0,0,0,0,0,0,0,0.826
0,-2,3.014,-3.61,0.954,-2.909,0,0,0,0,0,0,0,0,0,0,0,0,0,0.813
1,0,2.309,-0.217,1.56,-1.104,0,1,0,0,1,0,1,0,0,1,0,0,0,0.696
0,-1,0.205,-1.472,0.696,-1.307,0,0,0,0,0,0,0,0,0,0,0,0,2,0.217
3,0,0.566,-0.64,1.245,-0.523,0,1,0,0,1,0,1,0,0,1,0,0,0,0.87
0,0,1.499,-1.516,1.037,-0.698,0,0,0,0,0,0,0,0,0,0,0,0,0,0.409
0,0,2.172,-0.405,2.208,-0.814,0,0,0,0,0,0,0,0,0,0,0,0,0,0.783
0,0,0.31,-1.266,0.544,-1.728,0,0,0,0,0,0,0,0,0,0,0,0,0,0.326
0,0,0,-0.316,0,-0.162,0,0,0,0,1,0,0,0,0,1,0,0,0,0.543
0,0,0.014,0,0.558,0,0,0,0,0,0,0,0,0,0,0,0,0,0,0.542
2,0,1.103,0,0.651,-0.317,0,0,0,0,1,0,0,0,0,1,0,0,0,0.913
0,-1,1.08,-1.222,1.723,-1.941,0,0,0,0,0,0,0,0,0,0,0,0,1,0.373
3,-2,6.594,-5.782,6.043,-5.951,0,2,0,1,1,0,0,0,1,1,0,0,0,0.104
2,0,2.94,-0.316,3.8,-0.124,0,0,0,0,0,0,0,0,0,0,0,0,0,0.708
0,-1,0.963,-6.921,1.47,-10.959,0,1,0,0,1,0,0,0,0,1,0,0,0,0.125
2,-1,1.021,-1.939,1.834,-1.148,0,1,0,0,1,0,1,1,0,1,0,0,1,0.137
0,0,3.33,-1.026,3.055,-0.313,0,2,0,1,1,0,1,1,0,1,0,0,0,0.568
2,0,2.064,-0.491,0.478,-0.665,0,0,0,0,0,0,0,0,0,0,0,0,0,0.614
3,-3,3.492,-1.085,0.624,-1.974,0,1,0,0,1,0,1,0,0,1,0,0,0,0.804
0,0,3.084,-2.798,1.917,-4.537,0,0,0,0,0,0,0,0,0,1,0,0,0,0.313
6,-2,3.182,-9.862,2.501,-8.873,0,1,0,0,1,2,0,1,2,1,0,0,2,0.646
4,0,3.13,-0.634,3.006,-2.163,0,1,0,0,2,0,2,2,0,2,0,0,0,0.688
0,-1,1.156,-10.637,0.707,-2.443,0,1,0,0,1,0,1,0,0,2,0,0,1,0.479
3,0,3.624,-2.886,1.995,-4.242,0,1,0,0,1,0,0,2,0,2,0,0,0,0.585
0,0,1.643,-6.556,1.085,-3.91,0,1,0,1,0,0,0,1,0,1,0,0,0,0.75
5,0,1.842,-1.84,2.137,-0.439,0,1,0,0,1,0,0,2,0,2,0,0,0,0.667
0,-1,1.302,-2.511,2.291,-4.433,0,0,0,0,1,0,0,1,0,2,0,0,2,0.292
2,0,3.271,-0.096,1.921,-0.66,0,0,0,0,1,0,1,1,0,1,0,0,0,0.717
0,0,0.099,-0.581,0,-0.778,0,0,0,0,0,0,0,0,0,0,0,0,0,0.394
0,0,1.959,-4.448,2.04,-4.273,0,1,0,0,1,1,0,2,1,1,0,0,0,0.652
5,0,4.656,-0.509,3.416,-1.358,0,1,1,0,1,0,1,2,0,1,0,0,0,0.708
0,0,2.772,-1.447,3.143,-0.62,0,0,0,0,0,0,0,0,0,0,0,0,0,0.771
0,0,2.939,-0.525,2.288,-1.544,0,0,0,0,0,0,0,0,0,0,0,0,0,0.696
0,-2,2.985,-4.935,2.813,-7.247,0,0,0,0,1,0,0,1,1,1,0,0,0,0.271
3,0,2.119,-0.804,3.585,-2.312,0,0,0,0,1,0,0,0,0,1,0,0,0,0.25
3,0,2.572,-0.301,2.44,-0.06,0,0,0,0,1,0,0,1,0,1,0,0,0,0.609
0,0,2.981,-1.688,2.414,-3.694,0,0,0,0,0,0,0,1,0,1,0,0,0,0.75
0,0,0.546,-0.285,0.61,-1.052,0,0,0,0,0,0,0,0,0,0,0,0,0,0.25
4,-5,4.445,-12.935,4.528,-7.364,1,1,1,1,2,1,1,1,1,2,0,0,2,0.174
2,0,5.079,-1.556,9.542,-0.938,0,0,0,0,2,0,0,1,0,2,0,0,0,0.667
0,-3,0.608,-3.971,1.806,-3.58,0,0,0,0,0,0,0,0,0,0,0,0,1,0.646
2,-1,4.88,-5.573,4.741,-5.842,0,1,0,1,0,2,0,0,2,0,0,0,0,0.458
3,-2,2.23,-2.745,0.61,-3.745,0,1,0,0,1,0,1,0,1,1,0,0,0,0.348
0,0,0.4,0,0.542,0,0,0,0,0,0,0,0,0,0,0,0,0,0,0.152
4,0,5.932,-1.919,4.53,-7.002,1,1,0,0,3,0,0,2,1,3,0,0,0,0.75
3,0,4.86,-1.758,3.059,-2.639,0,0,0,0,1,0,1,0,0,1,0,0,0,0.771
2,0,0.9,-2.379,1.277,-1.547,0,1,0,0,1,0,0,0,0,1,0,0,0,0.417
0,0,0.724,-0.597,1.163,-1.373,0,0,0,0,0,0,0,0,0,0,0,0,0,0.348
0,0,0,0,0,0,0,0,0,0,0,0,0,0,0,0,0,0,0,0.625
0,0,0.925,-1.672,1.461,-3.746,0,0,0,0,0,0,0,0,0,0,0,0,0,0.333
0,-1,3.886,-4.981,5.098,-5.798,0,0,0,0,0,0,0,0,0,0,0,0,1,0.458
2,-2,1.924,-4.143,5.247,-2.229,0,1,0,1,1,1,1,2,1,1,0,0,0,0.477
2,0,4.643,-0.04,4.797,-0.765,0,1,0,0,1,0,1,0,0,2,0,0,0,0.913
0,-2,0.773,-2.348,1.11,-2.737,0,0,0,0,0,1,0,0,1,0,0,0,0,0.229
0,0,0.079,-1.965,0.141,-0.788,0,0,0,0,0,0,0,0,0,0,0,0,0,0.188
0,0,1.864,-1.109,1.843,-1.814,0,1,0,0,1,0,0,1,0,1,0,0,0,0.391
4,-2,4.109,-5.495,3.1,-3.664,0,1,1,1,1,1,1,1,1,3,0,0,0,0.208
0,0,1.478,-1.181,5.626,-1.269,0,2,0,1,1,0,0,1,0,1,0,0,0,0.667
3,0,1.056,-2.695,3.191,-3.735,0,0,0,0,0,0,0,0,0,0,0,0,0,0.354
0,-1,0.1,-3.688,0.317,-2.553,0,0,1,0,0,1,0,0,1,0,0,0,0,0.101
0,0,1.061,-0.452,0.141,-1.225,0,1,0,0,1,0,1,1,0,1,0,0,0,0.563
0,0,0,-5.293,0,-2.175,0,0,0,0,0,0,0,0,0,0,0,0,0,0.438
0,-2,3.444,-15.506,3.272,-5.81,0,0,0,0,0,0,0,1,0,0,0,0,2,0.188
4,0,2.755,-2.877,0.838,-3.868,0,0,0,0,0,0,0,0,0,1,0,0,0,0.708
0,0,0.959,-3.599,3.142,-4.86,0,0,0,0,0,0,0,0,0,0,0,0,0,0.304
2,0,0.093,-0.79,1.312,-1.655,0,1,0,0,1,1,0,0,0,1,0,0,0,0.375
0,0,0.677,-0.566,0.914,-1.196,0,0,0,0,0,0,0,0,0,0,0,0,0,0.458
0,-1,0.235,-2.576,0,-2.487,0,0,0,0,0,0,0,0,0,0,0,0,1,0.348
2,-2,2.294,-6.731,3.026,-5.443,1,0,0,1,1,1,1,1,1,2,0,0,0,0.208
3,0,0.627,-0.062,0.246,-0.06,0,1,0,0,1,0,1,0,0,1,0,0,0,0.435
1,0,0,-1.304,0.326,-0.64,0,0,0,0,0,0,0,0,0,0,0,0,0,0.354
0,-1,3.972,-4.29,2.147,-5.221,0,0,0,0,0,0,0,0,0,0,0,0,1,0.25
0,-1,2.569,-5.05,2.679,-5.132,0,0,0,0,0,0,0,0,0,0,0,0,1,0.688
3,0,1.661,-0.575,1.933,-3.323,0,1,0,0,2,1,0,3,0,3,0,0,0,0.417
0,0,1.222,-3.598,0.478,-2.132,0,0,0,0,0,0,0,0,0,1,0,0,0,0.75
2,0,6.337,-2.387,6.662,-2.746,0,0,0,0,0,0,0,0,0,0,0,0,0,0.625
2,-3,1.519,-3.785,2.482,-2.716,0,0,0,0,0,0,0,0,0,0,0,0,1,0.543
3,0,4.159,-4.371,5.718,-5.424,0,1,0,0,2,0,0,0,0,2,0,0,0,0.979
0,0,1.37,0,0.883,0,0,0,0,0,0,0,0,0,0,0,0,0,0,0.313
2,-1,3.779,-7.066,3.365,-4.262,0,1,0,0,1,0,1,1,0,1,0,0,1,0.396
3,0,1.83,-1.89,1.905,-3.047,0,0,0,0,1,0,0,0,1,1,0,0,0,0.587
0,0,0.586,-0.468,0.664,-0.603,0,1,0,0,1,0,1,1,0,1,0,0,0,0.609
0,0,1.874,-3.956,6.84,-2.121,0,0,0,0,0,0,0,0,1,0,0,0,0,0.396
0,0,2.309,-0.758,1.35,-0.492,0,0,0,0,0,0,0,0,0,0,0,0,0,0.75
0,0,0,-0.799,0.841,-1.201,0,2,0,0,1,1,0,1,1,1,0,0,0,0.104
0,-2,1.04,-1.478,0.124,-2.965,0,0,0,0,0,0,0,0,0,0,0,0,0,0.457
0,-2,1.841,-2.53,2.325,-5.15,0,0,0,0,0,0,0,0,0,0,0,0,0,0.313
3,0,0.806,-1.43,1.286,-0.731,0,0,1,1,0,1,0,0,1,1,0,0,0,0.417
0,-1,0,-2.722,0,-0.628,0,0,0,0,0,0,0,0,0,0,0,0,1,0.146
0,0,2.313,-0.783,1.027,-0.629,0,0,0,0,0,0,0,0,0,0,0,0,0,0.521
2,0,6.366,-2.26,1.222,-6.264,0,0,0,0,1,1,0,0,1,1,0,0,0,0.609
0,0,0.515,0,0.608,0,0,0,0,0,0,0,0,0,0,0,0,0,0,0.652
0,-1,0.896,-3.642,1.056,-2.864,0,0,0,0,0,0,0,0,0,1,0,0,1,0.688
0,0,0.416,-0.096,0.2,-0.214,0,0,0,0,0,0,0,0,0,0,0,0,0,0.25
2,0,0.774,-2.114,2.648,-0.936,0,1,0,0,1,0,0,0,0,1,0,0,0,0.132
4,0,1.177,-0.337,0.99,-1.464,0,0,0,0,1,0,0,0,0,1,0,0,0,0.625
0,-1,1.118,-1.418,0.749,-2.817,0,2,0,0,1,0,0,0,0,1,0,0,1,0.273
0,-1,1.723,-3.743,0.808,-0.842,0,0,0,0,0,0,0,0,0,1,0,0,1,0.37
0,0,1.973,-0.921,1.005,-2.136,0,0,0,0,0,0,0,0,0,0,0,0,0,0.457
0,0,3.091,-3.175,1.418,-4.423,0,0,0,0,0,0,0,0,0,0,0,0,0,0.333
7,0,6.265,-0.405,4.625,-0.414,0,1,0,0,1,0,0,1,0,1,0,0,0,0.896
1,0,0.014,-2.293,0.116,-1.131,0,1,0,1,1,1,0,1,1,1,0,0,0,0.75
0,0,0.397,0,0.659,-0.695,0,0,0,0,0,0,0,0,0,0,0,0,0,0.396
0,0,2.082,-2.448,3.993,-1.126,0,0,0,0,0,0,0,0,0,0,0,0,1,0.917
0,-1,1.489,-3.73,3.392,-3.941,0,0,0,0,0,0,0,0,0,0,0,0,1,0.292
2,-2,1.766,-3.443,1.025,-6.139,0,0,0,0,1,0,0,1,1,1,0,0,0,0.229
3,0,1.427,-2.288,3.972,-2.032,0,2,0,1,1,0,0,0,0,1,0,0,0,0.708
0,-1,1.315,-1.065,1.02,-3.487,0,0,0,0,0,0,0,0,0,0,0,0,0,0.688
0,-1,0.801,-1.463,0.212,-1.808,0,0,0,0,0,0,0,0,0,0,0,0,1,0.188
3,0,2.515,-1.428,0.957,-1.035,0,2,0,0,2,0,1,1,0,2,0,0,0,0.771
6,0,1.928,-2.983,1.958,-2.961,0,0,0,0,0,1,0,1,1,1,0,0,0,0.708
0,0,1.291,0,3.021,0,0,1,0,0,0,0,0,1,0,0,0,0,0,0.591
0,0,1.947,-0.199,0,-2.24,0,0,0,0,0,0,0,0,0,0,0,0,0,0.283
0,-1,0.668,-2.211,0,-2.258,0,1,0,0,1,0,0,0,0,1,0,0,1,0.5
6,-1,2.455,-2.293,2.348,-5.071,0,1,0,0,1,1,1,2,1,2,0,0,1,0.292
0,-1,1.347,-2.345,0.785,-0.628,0,0,0,0,0,0,0,0,0,0,0,0,1,0.229
4,0,4.664,-1.176,2.904,-1.251,0,2,0,0,2,0,1,1,0,2,0,0,0,0.609
0,0,0.014,-2.055,0,-3.289,0,0,0,0,1,0,0,1,0,1,0,0,0,0.459
0,0,0.205,0,0.61,0,0,0,0,0,0,0,0,0,0,0,0,0,0,0.283
4,0,1.461,-2.51,1.037,-3.474,0,1,0,0,1,1,0,0,0,1,0,0,0,0.292
0,0,0.534,-0.841,1.084,-1.215,0,0,0,0,0,0,0,0,0,0,0,0,0,0.271
0,0,0.685,-0.206,0,-1.184,0,0,0,0,0,0,0,0,0,0,0,0,0,0.146
0,-4,0.664,-5.197,0.344,-6.327,1,0,1,0,0,0,0,1,1,1,0,0,0,0.391
3,0,1.621,-2.278,1.505,-0.326,0,1,0,0,1,0,1,0,0,1,0,0,0,0.196
2,0,2.417,-1.204,2.615,-2.313,0,0,0,0,1,0,0,0,0,1,0,0,0,0.479
0,-1,0,-1.657,0,-3.31,0,0,0,0,1,0,0,1,1,1,0,0,1,0.188
0,0,0.395,-0.922,1.583,-1.573,0,0,0,0,0,0,0,0,0,0,0,0,0,0.104
3,0,0.761,-0.825,1.229,-1.04,0,0,0,0,1,0,0,0,0,1,0,0,0,0.667
0,-3,1.243,-4.092,0.721,-6.179,0,0,0,0,0,0,0,1,0,1,0,0,1,0.409
0,0,0.413,0,0.664,-0.055,0,0,0,0,0,0,0,0,0,0,0,0,0,0.229
9,-3,1.036,-8.099,1.112,-3.403,0,0,0,0,0,0,0,0,0,3,0,0,3,0.795
0,-2,0.205,-1.424,0.61,-1.637,0,0,1,0,0,1,0,0,1,0,0,0,0,0.239
5,0,6.108,-2.449,3.725,-3.207,0,2,0,1,1,0,0,1,0,1,0,0,0,0.89
0,0,0.417,-1.013,2.336,-0.317,0,0,0,0,0,0,0,0,0,1,0,0,0,0.717
2,-2,1.315,-3.177,4.738,-2.964,0,0,0,0,0,0,0,0,1,1,0,0,2,0.457
0,0,1.138,-2.064,2.409,-3.099,0,0,0,0,0,0,0,0,0,0,0,0,0,0.089
3,-4,1.883,-2.338,1.72,-2.839,1,2,1,0,1,0,1,1,1,2,0,0,0,0.146
2,0,2.676,-0.091,1.443,-1.512,0,0,0,0,1,0,1,1,0,1,0,0,1,0.479
0,0,0.927,-2.186,1.044,-3.088,0,0,0,0,0,0,0,0,0,0,0,0,0,0.304
0,-3,5.646,-3.511,1.82,-3.461,0,1,1,1,1,0,1,0,1,2,0,0,0,0.391
0,-1,0,-1.574,0,-1.093,0,0,0,0,0,0,0,0,0,0,0,0,1,0.168
0,0,0.49,-0.869,0.213,-0.898,0,0,0,0,0,0,0,0,0,0,0,0,0,0.667
2,0,0.613,-1.497,2.381,-1.712,0,0,0,0,0,0,0,0,0,0,0,0,0,0.563
1,-1,2.774,-1.857,0.804,-2.282,0,0,0,0,0,0,0,1,0,1,0,0,1,0.354
0,0,2.143,-1.011,1.811,-1.444,0,0,0,0,0,0,0,0,0,0,0,0,0,0.438
0,0,1.822,-0.182,0.161,-0.317,0,0,0,0,1,0,0,0,0,1,0,0,0,0.646
0,0,0.921,-1.366,2.016,-0.411,0,0,0,0,0,0,0,0,0,0,0,0,0,0.458
0,0,0.636,0,0,0,0,0,0,0,0,0,0,0,0,0,0,0,0,0.75
2,0,1.7,-0.962,1.269,-4.233,0,1,0,0,1,0,1,1,0,1,0,0,0,0.604
4,0,4.575,-1.619,3.513,-6.836,0,0,0,0,1,0,0,1,0,1,0,0,0,0.455
2,0,1.215,-0.206,1.551,-0.88,0,0,0,0,0,0,0,0,0,0,0,0,0,0.479
0,-1,0,-0.45,0,-1.839,0,0,0,0,0,0,0,0,0,1,0,0,0,0.229
3,0,0.078,-1.971,0.914,-4.203,0,0,0,0,1,0,0,0,0,1,0,0,0,0.646
0,-1,0.78,-8.628,1.179,-3.932,0,1,0,0,1,0,1,1,0,2,0,0,1,0.625
0,0,5.447,-3.992,1.562,-5.682,0,1,0,0,0,0,0,0,0,2,0,0,0,0.435
0,0,2.587,-2.252,1.36,-3.886,0,0,0,0,0,0,0,1,0,1,0,0,0,0.304
0,0,0.079,-1.231,0.908,-1.184,0,0,0,0,0,0,0,0,0,0,0,0,0,0.479
0,-1,3.105,-0.954,1.641,-2.575,0,1,0,1,0,0,0,0,0,0,0,0,1,0.875
0,-4,4.864,-8.142,4.119,-11.087,0,2,0,1,0,1,0,1,1,1,0,0,0,0.458
8,0,2.415,-1.509,4.541,-1.646,0,1,0,0,2,0,1,0,0,2,0,0,0,0.917
0,0,0,0,0,0,0,0,0,0,0,0,0,0,0,0,0,0,0,0.413
0,-2,1.749,-4.106,1.007,-3.391,1,1,1,2,0,1,0,0,1,0,0,0,2,0.109
0,0,0.419,0,0.124,-0.317,0,0,0,0,0,0,0,0,0,0,0,0,0,0.174
0,-4,3.336,-8.39,2.178,-7.258,0,0,0,2,0,3,0,1,3,0,0,0,0,0.292
0,0,0.815,-3.527,0.504,-3.163,1,0,1,1,0,1,0,0,1,0,0,0,0,0.146
2,0,2.823,-0.522,6.234,-2.564,0,1,0,0,1,0,1,1,0,1,0,0,0,0.708
0,0,0.512,-0.316,0,-1.453,0,0,0,0,0,0,0,1,0,1,0,0,0,0.543
3,0,0.627,-0.839,0.246,-1.278,0,1,0,0,1,0,1,0,0,1,0,0,0,0.239
0,-3,1.103,-3.081,2.138,-4.358,0,0,1,0,0,2,0,0,2,0,0,0,1,0.5
6,0,3.988,-0.244,4.722,-0.665,0,3,0,0,3,0,0,0,0,3,0,0,0,0.75
0,0,0.605,-0.221,0,-1.917,0,0,0,0,0,0,0,0,0,0,0,0,0,0.667
1,0,1.484,-0.485,0.962,-1.26,0,0,0,0,0,0,0,0,0,0,0,0,0,0.239
0,0,0,-0.091,0,-0.638,0,0,0,0,0,0,0,0,0,0,0,0,0,0.208
2,-4,1.796,-3.08,1.809,-3.221,0,0,0,0,0,0,1,0,0,1,0,0,1,0.604
2,0,2.289,-0.528,1.236,0,0,0,0,0,0,0,0,0,0,0,0,0,0,0.417
0,0,0.205,-0.806,1.302,-1.053,0,0,0,0,0,0,0,0,0,0,0,0,0,0.792
0,0,0.245,-0.365,0,-1.683,0,0,0,0,0,0,0,0,0,0,0,0,0,0.577
1,-1,0.898,-1.668,0,-3.212,0,0,0,0,0,0,0,0,0,0,0,0,1,0.604
2,0,1.372,-1.98,2.002,-1.706,0,2,0,0,2,1,2,2,0,2,0,0,0,0.313
3,0,0.177,-0.004,0.763,-0.032,0,0,0,0,0,0,0,0,0,0,0,0,0,0.438
0,0,0,-0.42,0.147,-0.06,0,0,0,0,0,0,0,0,0,0,0,0,0,0.217
2,0,1.388,0,0.342,-1.453,0,1,0,1,1,0,0,0,0,2,0,0,0,0.646
0,-2,1.823,-6.734,2.419,-4.787,0,0,1,0,0,0,0,0,1,0,0,0,0,0.625
2,-1,1.877,-6.932,2.283,-6.507,0,1,0,1,0,0,0,0,0,1,0,0,2,0.438
0,0,1.608,-0.182,3.118,0,0,0,0,0,0,0,0,0,0,0,0,0,0,0.413
0,0,2.874,-3.678,1.954,-7.075,0,0,0,0,0,0,0,0,1,0,0,0,0,0.438
0,0,1.231,-2.344,0.852,-2.624,0,0,0,0,0,0,0,1,0,0,0,0,0,0.167
2,-1,2.894,-4.572,3.813,-4.154,0,1,0,0,1,0,1,1,0,1,0,0,1,0.522
3,0,1.379,0,1.309,0,0,1,0,0,1,0,0,1,0,1,0,0,0,0.771
1,-4,0.616,-2.316,0.231,-3.596,1,0,1,0,0,1,0,0,2,0,0,0,0,0.208
0,0,0.653,-0.428,0.664,-2.523,0,0,0,0,0,0,0,0,0,0,0,0,0,0.37
0,0,1.658,-2.153,2.424,-1.184,0,0,0,0,1,0,0,0,0,1,0,0,0,0.604
0,0,0,-0.581,0,-0.697,0,0,0,0,0,0,0,0,0,0,0,0,0,0.229
4,0,3.238,-3.251,3.894,-8.059,0,0,0,0,0,0,0,0,0,1,0,0,0,0.326
2,0,0.077,-2.921,1.641,-1.729,0,1,0,0,1,0,1,1,0,1,0,0,0,0.521
0,-4,3.37,-3.306,2.504,-4.966,0,0,0,0,0,0,0,0,0,0,0,0,2,0.208
0,0,0.205,-0.746,0.696,-0.76,0,0,0,0,0,0,0,0,0,0,0,0,0,0.458
0,0,1.309,0,0,-0.589,0,0,0,0,0,0,0,0,0,0,0,0,0,0.563
1,0,3.191,-1.005,1.153,-2.401,0,0,0,0,0,1,0,1,1,1,0,0,0,0.667
2,-3,4.575,-1.725,2.156,-3.39,0,0,0,0,0,0,0,0,1,0,0,0,0,0.708
0,0,4.171,-0.955,3.921,-4.091,0,0,0,0,1,0,0,0,0,1,0,0,0,0.587
2,0,3.259,-1.079,0.085,-1.636,0,1,0,0,0,0,0,0,0,1,0,0,0,0.75
3,0,2.321,-0.711,1.573,-2.74,0,0,0,0,1,0,0,2,0,2,0,0,0,0.333
2,-1,4.216,-1.002,2.665,-1.568,0,0,0,0,0,0,0,0,1,1,0,0,1,0.375
11,0,4.353,-3.136,3.942,-4.928,0,0,0,0,2,0,1,0,0,4,0,0,1,0.833
2,0,0,-0.287,0.478,0,0,0,0,0,0,0,0,0,0,0,0,0,0,0.479
0,0,1.112,-6.379,1.571,-3.631,1,0,1,1,0,0,0,0,1,0,0,0,0,0.292
0,0,0,0,0,0,0,0,0,0,0,0,0,0,0,0,0,0,0,0.458
5,0,3.979,-0.238,3.081,-1.191,0,1,0,0,1,0,0,0,0,1,0,0,0,0.813
1,0,4.27,-1.281,2.765,-2.596,0,1,0,0,1,0,1,0,0,1,0,0,0,0.646
3,-3,3.851,-13.716,4.554,-7.531,0,0,0,0,1,2,0,4,2,3,0,0,2,0.167
0,0,5.432,-1.071,0.162,-3.425,0,1,0,0,1,0,0,0,1,1,0,0,0,0.563
0,0,0.168,-0.546,0.383,-2.951,0,0,0,0,1,0,0,1,0,1,0,0,0,0.417
0,0,0.462,-6.461,1.238,-1.309,0,0,0,0,0,0,0,0,0,0,0,0,0,0.521
0,0,0.362,-0.643,0.213,-0.696,0,0,0,0,0,0,0,0,0,0,0,0,0,0.604
0,0,0.409,-0.562,0.664,-0.151,0,0,0,0,0,0,0,0,0,0,0,0,0,0.292
4,0,2.346,0,0,-0.428,0,0,0,0,0,0,0,0,0,2,0,0,0,0.167
3,0,1.454,-0.062,1.527,-0.06,0,1,0,0,1,0,0,0,0,1,0,0,0,0.146
5,-5,3.535,-7.081,1.126,-7.87,0,1,0,0,1,0,1,0,1,1,0,0,3,0.188
0,-1,2.862,-1.955,1.345,-3.912,0,0,0,0,0,0,0,0,0,0,0,0,1,0.125
1,-1,1.244,-3.464,1.743,-3.912,0,0,0,0,0,0,0,0,0,0,0,0,1,0.417
2,0,1.201,-1.56,1.014,0,0,0,0,0,0,0,0,1,0,1,0,0,0,0.417
0,0,2.379,-0.637,2.16,-2.178,0,0,0,0,0,0,0,0,0,0,0,0,0,0.25
2,-2,2.961,-4.32,2.779,-4.384,0,2,0,0,2,1,1,2,1,2,0,0,0,0.435
2,-3,1.279,-0.753,0,-1.952,0,0,0,0,0,0,1,0,0,0,0,0,0,0.435
2,-1,1.533,-2.019,1.052,-2.379,0,0,0,0,0,0,0,0,0,2,0,0,1,0.409
0,0,0,-0.581,1.864,-0.697,0,1,0,0,1,0,1,1,0,1,0,0,0,0.604
0,-3,0.856,-0.695,0.573,-1.781,0,0,0,0,0,0,1,0,0,0,0,0,0,0.565
0,0,0.833,-1.92,0.31,-2.259,0,0,0,0,0,0,0,1,0,0,0,0,0,0.396
0,0,1.132,-0.415,0.646,-0.469,0,0,0,0,0,1,0,0,1,0,0,0,0,0.521
3,-1,4.067,-1.863,2.302,-3.645,0,1,0,0,1,0,1,0,0,2,0,0,1,0.75
2,0,0.835,-1.578,2.416,-2.108,0,0,0,0,0,1,0,0,1,0,0,0,0,0.783
0,-2,1.407,-2.362,0.073,-1.876,0,0,0,0,0,0,0,0,0,0,0,-2,0,0.674
0,0,1.289,-1.642,1.231,-0.803,0,1,0,0,1,0,1,1,0,1,0,0,0,0.813
0,0,0.154,-1.805,0.383,-1.538,0,0,0,0,0,0,0,0,0,0,0,0,0,0.174
0,0,2.471,-1.466,1.214,-1.498,0,0,0,0,0,0,0,0,0,0,0,0,0,0.522
0,0,0.562,-2.866,0.865,-2.54,0,1,0,1,0,0,0,0,0,0,0,0,0,0.396
4,-1,3.213,-3.833,1.587,-3.064,0,1,0,0,2,0,0,2,0,2,0,0,1,0.354
0,0,2.092,-4.27,3.248,-9.049,0,0,0,0,1,0,0,0,0,2,0,0,0,0.604
5,-2,4.231,-3.471,3.548,-3.684,1,0,0,1,1,1,0,2,1,1,0,0,0,0.667
0,0,0.642,-0.73,1.349,-0.44,0,0,1,0,0,0,0,0,0,1,0,0,0,0.292
0,0,3.688,-2.424,2.651,-3.926,0,0,0,0,0,0,0,0,1,0,0,0,0,0.708
6,0,7.197,-6.32,10.627,-4.615,0,0,0,0,1,0,0,0,0,1,0,0,0,0.813
0,-2,1.904,-4.098,1.615,-3.046,0,1,0,0,1,0,0,0,0,1,0,0,2,0.478
0,0,1.97,-1.008,2.351,-1.944,0,0,0,0,0,1,0,0,1,0,0,0,0,0.522
0,-1,1.838,-1.789,0.917,-2.371,0,1,0,0,1,0,0,1,0,1,0,0,1,0.799
0,0,0.197,-0.104,0.086,-0.695,0,0,0,0,0,0,0,0,0,0,0,0,0,0.413
0,0,0.741,-1.297,1.477,-0.696,0,0,0,0,1,0,0,0,0,1,0,0,0,0.891
0,0,0.636,-0.295,0,-1.303,0,0,0,0,0,0,0,0,0,0,0,0,0,0.563
0,-1,0.835,-3.892,1.899,-3.072,0,0,0,0,0,0,0,0,0,0,0,0,1,0.333
6,0,2.111,-0.571,2.569,-0.88,0,1,0,0,1,0,0,1,0,1,0,0,0,0.667
0,0,0,-1.289,4.657,-0.434,0,1,0,0,0,0,0,0,0,0,0,0,0,0.771
6,-3,2.979,-3.482,3.839,-3.977,0,1,0,0,2,0,0,2,0,2,0,0,1,0.583
0,0,3.254,-0.519,2.335,-0.769,0,0,0,0,1,0,0,0,0,1,0,0,0,0.313
4,0,3.392,-0.195,0.141,-0.791,0,0,0,0,0,0,0,0,0,2,0,0,0,0.167
3,0,3.616,-4.29,3.499,-5.842,0,0,0,0,0,0,0,0,0,0,0,0,0,0.543
3,0,1.777,-1.214,2.129,-7.005,0,0,0,0,0,0,0,0,0,0,0,0,0,0.304
0,0,1.941,-2.056,1.274,-2.158,0,0,0,0,0,0,0,0,0,0,0,0,0,0.479
0,0,1.994,-1.785,1.014,-2.061,0,0,0,0,0,0,0,0,0,0,0,0,0,0.652
0,-6,1.543,-2.829,0.383,-6.027,0,0,1,0,0,0,0,0,1,0,0,0,1,0.167
0,-1,0,-2.859,0.68,-2.029,0,1,0,0,0,0,0,0,0,0,0,0,1,0.717
0,-1,0.2,-3.206,0.271,-0.66,0,0,0,0,0,0,0,0,0,0,0,0,1,0.205
3,-2,4.415,-7.409,2.85,-2.315,0,1,1,0,1,0,0,1,1,1,0,0,0,0.75
2,0,1.887,-1.313,0.765,-2.818,0,0,0,0,0,0,0,0,0,1,0,0,0,0.727
0,0,1.358,-0.254,0.664,-0.316,0,0,0,0,0,0,0,0,0,0,0,0,0,0.543
0,-3,0.192,-4.308,1.177,-3.156,1,0,1,1,0,1,0,0,1,0,0,0,2,0.87
0,0,0.025,-1.918,0.692,-2.238,0,0,0,0,1,0,0,1,0,1,0,0,0,0.771
0,-2,1.795,-1.926,0.271,-6.921,0,0,0,0,0,0,0,0,0,0,0,0,2,0.438
0,-1,0.15,-2.87,0.666,-2.806,0,0,0,0,0,0,0,0,0,0,0,0,1,0.239
2,0,0.921,-0.206,0.511,-1.316,0,1,0,0,1,0,1,1,0,1,0,0,0,0.609
0,-1,3.267,-4.998,5.063,-3.3,0,0,0,0,0,0,0,0,0,1,0,0,1,0.5
3,0,3.577,-2.189,6.493,-4.521,0,0,0,0,1,0,0,1,0,1,0,0,0,0.896
0,0,1.281,-3.863,1.169,-3.666,0,0,0,0,0,0,0,0,0,0,0,0,0,0.682
3,-5,2.375,-8.897,1.783,-5.084,2,0,0,1,1,2,1,0,2,1,0,0,0,0.217
1,-4,2.529,-3.533,2.589,-1.128,0,1,0,0,1,0,0,1,0,2,0,0,0,0.375
2,0,4.434,-1.234,3.747,-1.816,0,0,0,0,0,0,0,0,0,1,0,0,0,0.348
0,0,0,-0.405,0,-0.414,0,0,0,0,0,0,0,0,0,0,0,0,0,0.542
0,0,0,-0.581,0.692,-1.718,0,0,0,0,1,0,0,1,0,1,0,0,0,0.587
5,0,2.386,-2.612,1.618,-3.936,0,1,0,0,1,0,1,1,0,2,0,0,0,0.625
0,-1,0.871,-1.327,1.168,-1.583,0,0,0,0,0,0,0,0,0,0,0,0,1,0.646
0,-4,1.07,-1.12,0.664,-1.419,1,0,1,0,0,0,0,0,1,0,0,0,0,0.333
0,-1,0.284,-5.094,0.949,-5.09,1,0,1,1,1,1,0,1,1,1,0,0,1,0.229
0,0,3.267,-9.808,3.869,-1.372,0,0,0,0,0,0,0,0,0,1,0,0,0,0.438
2,0,0.892,-0.091,0.652,-1.032,0,1,0,0,1,0,1,1,1,1,0,0,0,0.543
0,0,1.013,-1.686,2.013,-4.598,0,0,0,1,1,0,0,1,1,1,0,0,0,0.413
0,0,1.575,-0.827,4.137,-1.332,0,0,0,0,0,0,0,0,1,0,0,0,0,0.37
0,0,1.242,-3.269,2.053,-3.599,0,0,0,0,0,0,0,0,0,0,0,0,0,0.296
0,0,3.693,0,0.831,-0.368,0,0,0,0,0,0,0,0,0,0,0,0,0,0.646
3,0,0.971,-7.537,1.237,-2.753,0,0,0,0,0,0,0,0,0,1,0,0,0,0.587
0,0,0.52,0,0.777,0,0,0,0,0,0,0,0,0,0,0,0,0,0,0.05
0,0,2.339,-0.541,3.749,-1.45,0,0,1,0,0,0,0,0,1,0,0,0,0,0.5
0,0,0.936,-1.272,3.526,-0.283,0,0,0,0,0,0,0,0,0,0,0,0,0,0.375
0,-4,0,-1.609,0,-2.409,0,0,0,0,0,0,0,0,0,0,0,0,0,0.229
0,0,2.842,-3.508,3.597,-4.328,0,0,0,0,0,0,0,0,0,0,0,0,0,0.217
2,-2,0,-3.131,0.68,-2.331,0,1,0,0,1,0,0,0,1,1,0,0,0,0.609
3,0,6.352,-1.894,4.56,-5.018,1,1,0,1,1,0,1,0,2,1,0,0,0,0.848
4,-1,3.327,-1.744,3.277,-2.558,0,0,0,0,1,0,0,0,1,1,0,0,1,0.479
0,-2,0.025,-1.552,0,-1.552,0,0,1,0,0,1,0,0,1,0,0,0,0,0.109
0,0,0.588,0,0,0,0,0,0,0,0,0,0,0,0,0,0,0,0,0.313
2,-6,2.613,-2.788,6.619,-3.883,0,2,0,3,0,1,0,0,2,0,0,0,0,0.813
0,0,1.089,-2.215,0.665,-1.527,0,1,0,0,1,0,0,0,0,1,0,0,0,0.529
0,0,0.205,-0.826,0.887,-0.414,0,0,0,0,0,0,0,1,0,0,0,0,0,0.188
0,0,0,-2.179,0.377,0,0,0,0,0,0,0,0,0,1,0,0,0,0,0.354
0,0,1.31,-2.667,1.877,-1.767,0,1,0,1,0,0,0,0,0,0,0,0,0,0.667
3,0,1.333,-0.33,2.894,-3.191,0,0,0,0,0,0,0,0,0,1,0,0,0,0.688
0,0,5.109,-2.553,0.955,-10.375,0,0,0,0,0,0,0,0,0,0,0,0,0,0.146
0,0,1.003,-0.42,1.337,-0.888,0,0,0,0,0,0,0,0,0,1,0,0,0,0.396
2,-1,0.014,-5.274,0.68,-3.269,0,1,0,0,1,1,0,0,1,2,0,0,0,0.125
0,0,0.371,-0.091,0,-0.719,0,0,0,0,0,0,0,0,0,0,0,0,0,0.458
0,0,0.272,0,0,0,0,0,0,0,0,0,0,0,0,0,0,0,0,0.771
1,0,1.554,-0.72,1.356,-1.299,0,1,0,0,1,0,1,0,0,1,0,0,0,0.717
6,-1,4.608,-1.759,5.735,-4.658,0,1,0,1,0,0,0,0,0,1,0,0,1,0.405
0,0,1.161,-2.332,0.683,-0.669,0,0,0,0,0,0,0,0,0,0,0,0,0,0.196
2,0,2.162,-0.15,1.966,-1.889,0,1,0,0,1,0,0,0,0,1,0,0,0,0.458
0,0,0.417,-0.489,0.664,-0.711,0,0,0,0,0,0,0,0,0,0,0,0,1,0.563
0,-1,3.503,-2.73,5.79,-2.049,0,0,0,0,1,0,0,1,0,3,0,0,1,0.375
2,0,0.708,0,0,-0.961,0,0,0,0,0,0,0,0,0,0,0,0,0,0.375
0,0,3.666,-0.941,2.275,-3.255,0,0,0,0,2,0,0,0,0,2,0,0,0,0.545
3,0,4.429,-1.495,3.339,-3.147,0,2,0,0,2,0,1,1,0,3,0,0,0,0.275
0,-2,1.711,-6.033,1.25,-4.23,0,0,1,0,0,0,0,0,1,0,0,0,0,0.667
0,-1,1.069,-4.322,6.996,-2.867,0,1,0,0,0,0,0,0,1,1,0,0,2,0.604
1,0,1.508,-1.209,1.712,-0.824,0,0,0,0,0,0,0,0,0,0,0,0,0,0.652
0,0,0.237,-1.841,0.255,-3.128,0,0,0,0,0,0,0,0,0,0,0,0,0,0.646
3,0,1.476,-1.159,1.653,-1.521,0,1,0,0,1,0,0,0,0,1,0,0,0,0.896
0,-3,2.293,-5.193,6.055,-4.842,0,0,0,1,0,2,0,1,2,0,0,0,0,0.417
0,0,0.489,-1.411,1.28,-0.913,0,0,0,0,0,0,0,0,0,0,0,0,0,0.396
0,-3,1.312,-6.151,1.759,-2.597,0,0,0,0,0,0,0,0,0,0,0,0,0,0.208
0,-1,2.285,-1.16,1.138,-2.315,0,1,0,1,0,0,0,0,0,0,0,0,1,0.583
4,0,2.649,-2.17,2.861,-3.178,0,1,0,0,2,0,0,2,0,2,0,0,0,0.783
3,0,2.166,-2.948,3.878,-2.573,0,0,0,0,1,0,0,0,0,1,0,0,0,0.875
3,0,6.386,-1.379,5.15,-2.076,0,1,0,0,1,0,0,0,1,1,0,0,1,0.813
0,0,0.2,-1.91,0.357,-3.966,1,0,0,1,1,2,0,1,2,1,0,0,0,0.271
0,0,0.794,-0.583,1.171,-0.652,0,0,0,0,0,0,0,0,0,0,0,0,0,0.413
0,0,1.9,0,0.014,-0.642,0,0,0,0,0,0,0,0,0,0,0,0,0,0.542
0,-2,1.989,-4.972,4.911,-5.316,0,0,0,0,0,0,0,0,0,0,0,0,2,0.457
0,-1,1.149,-2.875,1.469,-4.042,0,0,0,0,0,0,0,0,0,0,0,0,1,0.333
0,-3,0.637,0,0.61,-1.394,0,0,0,0,0,0,1,0,0,0,0,0,0,0.75
3,-2,2.923,-0.38,3.28,-1.457,0,2,0,1,1,0,0,1,1,1,0,0,0,0.875
3,0,1.678,-1.047,0.925,-1.687,0,1,0,0,1,0,1,0,0,1,0,0,0,0.882
3,0,1.583,-0.328,1.62,-5.011,1,0,1,0,0,0,0,0,1,0,0,0,0,0.413
2,0,1.93,-0.723,4.307,-1.587,0,0,0,0,0,0,0,0,0,0,0,0,0,0.688
4,0,2.649,-2.17,2.861,-3.178,0,1,0,0,2,0,0,2,0,2,0,0,0,0.833
0,0,0.269,0,0,-0.317,0,0,0,0,1,0,0,0,0,1,0,0,0,0.646
0,-2,1.892,-3.662,1.867,-4.004,0,0,1,1,0,1,0,0,2,0,0,0,0,0.543
1,-2,2.262,-6.577,0.775,-8.464,0,1,1,0,1,0,1,0,1,1,0,0,0,0.227
2,0,0.616,-1.257,1.373,-1.876,0,0,0,0,0,0,0,0,0,0,0,0,0,0.563
0,0,0.955,-0.821,0.692,-0.905,0,0,0,0,0,0,0,0,0,0,0,0,0,0.479
0,0,3.697,-4.788,4.521,-4.545,0,0,0,0,0,0,0,0,0,1,0,0,0,0.696
0,-1,1.688,-2.076,2.946,-3.242,0,0,0,0,0,0,0,0,0,0,0,0,1,0.542
3,0,1.057,-1.463,3.548,-1.905,0,1,0,0,1,0,1,0,1,1,0,0,0,0.625
0,0,1.217,-1.559,0.548,-5.463,0,0,0,0,0,0,0,0,0,0,0,0,0,0.587
4,0,1.546,-0.987,4.125,-0.75,0,0,0,0,0,0,0,0,0,0,0,0,0,0.438
3,0,1.979,-4.107,2.277,-1.171,0,1,0,0,1,0,0,0,0,1,0,0,0,0.833
0,0,0.91,-0.622,1.412,-1.763,0,0,0,0,0,0,0,0,0,1,0,0,0,0.333
6,0,2.028,-0.903,0.833,-4.476,1,0,0,0,1,1,0,0,1,0,0,0,0,0.5
0,0,0.653,0,0.141,-0.386,0,0,0,0,1,0,0,0,0,2,0,0,0,0.5
3,0,2.79,0,2.195,0,0,1,0,0,1,0,0,1,0,1,0,0,0,0.854
0,-7,1.402,-4.76,2.477,-7.106,0,0,0,0,0,0,0,0,0,1,0,0,3,0.13
4,0,2.224,-1.641,0.735,-6.153,0,1,0,1,0,1,0,0,1,1,0,0,0,0.37
0,0,1.91,-0.97,2.201,-0.017,0,1,0,0,0,0,0,0,0,0,0,0,0,0.891
5,0,4.605,-1.643,5.469,-2.091,0,0,0,0,1,0,0,1,0,1,0,0,0,0.708
3,0,2.867,-1.677,1.527,-2.147,0,1,0,0,1,0,0,0,0,1,0,0,0,0.609
3,0,3.115,-0.58,1.82,-2.965,0,1,0,0,1,0,0,0,0,1,0,0,0,0.938
2,0,0.878,0,0.653,0,0,0,0,0,0,0,0,0,0,0,0,0,0,0.292
0,0,2.874,-0.671,2.072,-2.207,0,0,0,0,0,0,0,0,0,0,0,0,0,0.25
0,0,0.975,-0.177,3.125,-0.302,0,0,1,1,0,0,0,1,1,1,0,0,0,0.563
2,0,0.449,-0.287,0.686,0,0,0,0,0,0,0,0,0,0,0,0,0,0,0.457
0,0,1.049,-0.312,0,-0.925,0,0,0,0,0,0,0,0,0,0,0,0,0,0.667
0,0,0.205,-0.337,0.61,-0.596,0,0,0,0,0,0,0,0,0,0,0,0,0,0.458
2,0,11.112,-0.604,3.608,-2.492,0,0,0,0,1,0,0,0,0,2,0,0,0,0.813
2,0,3.571,-1.213,1.303,-2.569,0,1,0,0,1,0,1,1,0,1,0,0,0,0.479
0,0,0.014,-0.204,0,-1.044,0,0,0,0,0,0,0,0,0,0,0,0,0,0.646
0,0,1.083,0,1.323,-1.09,0,0,0,0,0,0,0,0,0,0,0,0,0,0.563
0,0,3.026,-6.298,4.989,-2.674,0,0,0,1,1,0,0,0,1,1,0,0,0,0.625
4,-1,2.055,-3.406,3.206,-5.881,0,1,0,1,1,0,0,0,0,1,0,0,1,0.583
5,0,2.331,-0.833,2.492,-2.482,0,0,0,0,1,0,0,0,0,1,0,0,0,0.521
0,0,0,-1.054,0,0,0,0,0,0,0,0,0,0,0,0,0,0,0,0.413
